Workbook

Sheet Madeira Tratada
A1: Código Montana | B1: Código UFV | C1: Situação | D1: CNPJ | E1: Localização | F1: Data de entrada | G1: Início da análise | H1: Fim da análise | I1: Nome do Cliente | J1: Cidade | K1: Estado | L1: Tipo de Amostra | M1: E-mail | N1: Produto utilizado | O1: Formato da amostra | P1: Madeira | Q1: Indentificação de Amostra do cliente | R1: Motivo do Cancelamento | S1: Contato MOQ | T1: E-mail MOQ | U1: Montana avisou cliente | V1: Verificação Biológica | W1: Resultado | X1: Aplicação | Y1: Retenção | Z1: Norma ABNT | AA1: Grau penetração | AB1: Descrição Grau | AC1: Descrição Penetração | AD1: pH da solução | AE1: Densidade solução (g/cm³) | AF1: Temperatura | AG1: Concentração pelo termo | AH1: Grau do aspecto | AI1: Aspecto | AJ1: Descrição do aspecto | AK1: Diâmetro 1 (mm) | AL1: Diâmetro 2 (mm) | AM1: Diâmetro 3 (mm) | AN1: Diâmetro 4 (mm) | AO1: Diâmetro 5 (mm) | AP1: Diâmetro médio (cm) | AQ1: Comprim. 1 (mm) | AR1: Comprim. 2 (mm) | AS1: Comprim. 3 (mm) | AT1: Comprim. 4 (mm) | AU1: Comprim. 5 (mm) | AV1: Comprim. Médio (cm) | AW1: Massa 1 (g) | AX1: Massa 2 (g) | AY1: Massa 3 (g) | AZ1: Massa 4 (g) | BA1: Massa 5 (g) | BB1: Massa média (g) | BC1: Volume (cm³) | BD1: Densidade (g/cm³) | BE1: Densidade (Kg/m³) | BF1: Cromo (%) | BG1: Cobre (%) | BH1: Arsênio (%) | BI1: Balanço Total | BJ1: Balanço Cromo % | BK1: Balanço Cobre % | BL1: Balanço Arsênio % | BM1: Balanço Total % | BN1: Retenção Cromo (Kg/m³) | BO1: Retenção Cobre (Kg/m³) | BP1: Retenção Arsênio (Kg/m³) | BQ1: Retenção/concentração | BR1: Observação
B2: UFV-M-01 | C2: Finalizada | F2: 45328 | G2: 45329 | H2: 45329 | I2: Lua Madeira Imunizada | J2: Nova União | K2: MG | L2: Madeira | N2: CCA - C | O2: Torete | P2: Eucalyptus | Q2: - | X2: Mourões | Y2: =IF(X2='Listas suspensas'!$A$21,'Listas suspensas'!$B$23,IF(X2='Listas suspensas'!$A$22,'Listas suspensas'!$B$23,IF(X2='Listas suspensas'!$A$23,'Listas suspensas'!$B$22,IF(X2='Listas suspensas'!$A$26,'Listas suspensas'!$B$22,IF(X2='Listas suspensas'!$A$32,'Listas suspensas'!$B$22,IF(X2='Listas suspensas'!$A$33,'Listas suspensas'!$B$21,IF(X2='Listas suspensas'!$A$24,'Listas suspensas'!$B$22,IF(X2='Listas suspensas'!$A$30,'Listas suspensas'!$B$21,"")))))))) -> 6.5 | Z2: NBR 16143 | AA2: 3 | AB2: =IF(AA2='Listas suspensas'!$A$2,'Listas suspensas'!$B$2,IF(AA2='Listas suspensas'!$A$3,'Listas suspensas'!$B$3,IF(AA2='Listas suspensas'!$A$4,'Listas suspensas'!$B$4,IF(AA2='Listas suspensas'!$A$5,'Listas suspensas'!$B$5,IF(AA2='Listas suspensas'!$A$6,'Listas suspensas'!$B$6,""))))) -> Parcial e regular | AC2: =IF(AA2='Listas suspensas'!$A$2,'Listas suspensas'!$C$2,IF(AA2='Listas suspensas'!$A$3,'Listas suspensas'!$C$3,IF(AA2='Listas suspensas'!$A$4,'Listas suspensas'!$C$4,IF(AA2='Listas suspensas'!$A$5,'Listas suspensas'!$C$5,IF(AA2='Listas suspensas'!$A$6,'Listas suspensas'!$C$6,""))))) -> Indica a penetração uniforme, mas não total pela extensão do alburno. | AK2: 11.12 | AL2: 11.37 | AM2: 11.12 | AN2: 11.3 | AO2: 10.77 | AP2: =AVERAGE(AK2:AO2)/10 -> 1.1136 | AQ2: 17.5 | AR2: 17.56 | AS2: 20.17 | AT2: 14.34 | AU2: 16.97 | AV2: =AVERAGE(AQ2:AU2)/10 -> 1.7308 | AW2: 1.3948 | AX2: 1.5416 | AY2: 1.7109 | AZ2: 1.2993 | BA2: 1.3403 | BB2: =AVERAGE(AW2:BA2) -> 1.45738 | BC2: =PI()*(AP2/2)^2*AV2 -> 1.6857579 | BE2: =(BB2/BC2)*1000 -> 864.52507 | BF2: 0.333 | BG2: 0.171 | BH2: 0.291 | BI2: =SUM(BF2:BH2) -> 0.795 | BJ2: 41.8 | BK2: 21.6 | BL2: 36.6 | BM2: =ROUND(SUM(BJ2:BL2),2) -> 100 | BN2: =ROUND((BF2/100)*BE2,2) -> 2.88 | BO2: =ROUND((BG2/100)*BE2,2) -> 1.48 | BP2: =ROUND((BH2/100)*BE2,2) -> 2.52 | BQ2: =ROUND(SUM(BN2:BP2),2) -> 6.88 | BR2: =IF(OR(AND(X2="Mourões", BQ2>=6.5),AND(X2="Postes", BQ2>=9.6),AND(X2="Dormentes", BQ2>=9.6),AND(X2="Estacas", BQ2>=6.5),AND(X2="Cruzetas", BQ2>=6.5),AND(X2="Outros - Solo", BQ2>=6.5),AND(X2="Outros - Suspenso",BQ2>=4),AND(X2="Deck",BQ2>=4)),'Listas suspensas'!$C$21,'Listas suspensas'!$C$22) -> Os resultados da análise química apresentaram uma retenção do produto de acordo com o padrão mínimo exigido pela norma ABNT NBR 16143
B3: UFV-M-02 | C3: Finalizada | F3: 45328 | G3: 45329 | H3: 45330 | I3: Nova União | J3: Turmalina | K3: MG | L3: Madeira | N3: CCA - C | O3: Torete | P3: Eucalyptus | Q3: Amostra 1 | X3: Mourões | Y3: =IF(X3='Listas suspensas'!$A$21,'Listas suspensas'!$B$23,IF(X3='Listas suspensas'!$A$22,'Listas suspensas'!$B$23,IF(X3='Listas suspensas'!$A$23,'Listas suspensas'!$B$22,IF(X3='Listas suspensas'!$A$26,'Listas suspensas'!$B$22,IF(X3='Listas suspensas'!$A$32,'Listas suspensas'!$B$22,IF(X3='Listas suspensas'!$A$33,'Listas suspensas'!$B$21,IF(X3='Listas suspensas'!$A$24,'Listas suspensas'!$B$22,IF(X3='Listas suspensas'!$A$30,'Listas suspensas'!$B$21,"")))))))) -> 6.5 | Z3: NBR 16143 | AA3: 3 | AB3: =IF(AA3='Listas suspensas'!$A$2,'Listas suspensas'!$B$2,IF(AA3='Listas suspensas'!$A$3,'Listas suspensas'!$B$3,IF(AA3='Listas suspensas'!$A$4,'Listas suspensas'!$B$4,IF(AA3='Listas suspensas'!$A$5,'Listas suspensas'!$B$5,IF(AA3='Listas suspensas'!$A$6,'Listas suspensas'!$B$6,""))))) -> Parcial e regular | AC3: =IF(AA3='Listas suspensas'!$A$2,'Listas suspensas'!$C$2,IF(AA3='Listas suspensas'!$A$3,'Listas suspensas'!$C$3,IF(AA3='Listas suspensas'!$A$4,'Listas suspensas'!$C$4,IF(AA3='Listas suspensas'!$A$5,'Listas suspensas'!$C$5,IF(AA3='Listas suspensas'!$A$6,'Listas suspensas'!$C$6,""))))) -> Indica a penetração uniforme, mas não total pela extensão do alburno. | AK3: 12 | AL3: 11.59 | AM3: 12.05 | AN3: 12.05 | AO3: 11.93 | AP3: =AVERAGE(AK3:AO3)/10 -> 1.1924 | AQ3: 15.69 | AR3: 20.67 | AS3: 12.59 | AT3: 11.19 | AU3: 16.42 | AV3: =AVERAGE(AQ3:AU3)/10 -> 1.5312 | AW3: 1.3574 | AX3: 1.9383 | AY3: 1.081 | AZ3: 1.0586 | BA3: 1.5283 | BB3: =AVERAGE(AW3:BA3) -> 1.39272 | BC3: =PI()*(AP3/2)^2*AV3 -> 1.7098804 | BE3: =(BB3/BC3)*1000 -> 814.5131 | BF3: 0.253 | BG3: 0.146 | BH3: 0.249 | BI3: =SUM(BF3:BH3) -> 0.648 | BJ3: 39.1 | BK3: 22.5 | BL3: 38.4 | BM3: =ROUND(SUM(BJ3:BL3),2) -> 100 | BN3: =ROUND((BF3/100)*BE3,2) -> 2.06 | BO3: =ROUND((BG3/100)*BE3,2) -> 1.19 | BP3: =ROUND((BH3/100)*BE3,2) -> 2.03 | BQ3: =ROUND(SUM(BN3:BP3),2) -> 5.28 | BR3: =IF(OR(AND(X3="Mourões", BQ3>=6.5),AND(X3="Postes", BQ3>=9.6),AND(X3="Dormentes", BQ3>=9.6),AND(X3="Estacas", BQ3>=6.5),AND(X3="Cruzetas", BQ3>=6.5),AND(X3="Outros - Solo", BQ3>=6.5),AND(X3="Outros - Suspenso",BQ3>=4),AND(X3="Deck",BQ3>=4)),'Listas suspensas'!$C$21,'Listas suspensas'!$C$22) -> Os resultados da análise química apresentaram uma retenção do produto inferior ao padrão mínimo exigido pela norma ABNT NBR 16143
B4: UFV-M-03 | C4: Finalizada | F4: 45328 | G4: 45329 | H4: 45330 | I4: Nova União | J4: Turmalina | K4: MG | L4: Madeira | N4: CCA - C | O4: Torete | P4: Eucalyptus | Q4: Amostra 2 | X4: Mourões | Y4: =IF(X4='Listas suspensas'!$A$21,'Listas suspensas'!$B$23,IF(X4='Listas suspensas'!$A$22,'Listas suspensas'!$B$23,IF(X4='Listas suspensas'!$A$23,'Listas suspensas'!$B$22,IF(X4='Listas suspensas'!$A$26,'Listas suspensas'!$B$22,IF(X4='Listas suspensas'!$A$32,'Listas suspensas'!$B$22,IF(X4='Listas suspensas'!$A$33,'Listas suspensas'!$B$21,IF(X4='Listas suspensas'!$A$24,'Listas suspensas'!$B$22,IF(X4='Listas suspensas'!$A$30,'Listas suspensas'!$B$21,"")))))))) -> 6.5 | Z4: NBR 16143 | AA4: 2 | AB4: =IF(AA4='Listas suspensas'!$A$2,'Listas suspensas'!$B$2,IF(AA4='Listas suspensas'!$A$3,'Listas suspensas'!$B$3,IF(AA4='Listas suspensas'!$A$4,'Listas suspensas'!$B$4,IF(AA4='Listas suspensas'!$A$5,'Listas suspensas'!$B$5,IF(AA4='Listas suspensas'!$A$6,'Listas suspensas'!$B$6,""))))) -> Profunda e irregular | AC4: =IF(AA4='Listas suspensas'!$A$2,'Listas suspensas'!$C$2,IF(AA4='Listas suspensas'!$A$3,'Listas suspensas'!$C$3,IF(AA4='Listas suspensas'!$A$4,'Listas suspensas'!$C$4,IF(AA4='Listas suspensas'!$A$5,'Listas suspensas'!$C$5,IF(AA4='Listas suspensas'!$A$6,'Listas suspensas'!$C$6,""))))) -> Indica a penetração profunda, mas desuniforme em toda a extensão do alburno. | AK4: 11.49 | AL4: 11.58 | AM4: 12.01 | AN4: 11.95 | AO4: 11.96 | AP4: =AVERAGE(AK4:AO4)/10 -> 1.1798 | AQ4: 13.77 | AR4: 14.03 | AS4: 12.4 | AT4: 12.99 | AU4: 15.1 | AV4: =AVERAGE(AQ4:AU4)/10 -> 1.3658 | AW4: 1.2413 | AX4: 1.0814 | AY4: 1.2024 | AZ4: 1.2591 | BA4: 1.3569 | BB4: =AVERAGE(AW4:BA4) -> 1.22822 | BC4: =PI()*(AP4/2)^2*AV4 -> 1.4931168 | BE4: =(BB4/BC4)*1000 -> 822.58804 | BF4: 0.215 | BG4: 0.103 | BH4: 0.169 | BI4: =SUM(BF4:BH4) -> 0.487 | BJ4: 44.2 | BK4: 21.1 | BL4: 34.7 | BM4: =ROUND(SUM(BJ4:BL4),2) -> 100 | BN4: =ROUND((BF4/100)*BE4,2) -> 1.77 | BO4: =ROUND((BG4/100)*BE4,2) -> 0.85 | BP4: =ROUND((BH4/100)*BE4,2) -> 1.39 | BQ4: =ROUND(SUM(BN4:BP4),2) -> 4.01 | BR4: =IF(OR(AND(X4="Mourões", BQ4>=6.5),AND(X4="Postes", BQ4>=9.6),AND(X4="Dormentes", BQ4>=9.6),AND(X4="Estacas", BQ4>=6.5),AND(X4="Cruzetas", BQ4>=6.5),AND(X4="Outros - Solo", BQ4>=6.5),AND(X4="Outros - Suspenso",BQ4>=4),AND(X4="Deck",BQ4>=4)),'Listas suspensas'!$C$21,'Listas suspensas'!$C$22) -> Os resultados da análise química apresentaram uma retenção do produto inferior ao padrão mínimo exigido pela norma ABNT NBR 16143
B5: UFV-M-04 | C5: Finalizada | F5: 45328 | G5: 45329 | H5: 45330 | I5: Nova União | J5: Turmalina | K5: MG | L5: Madeira | N5: CCA - C | O5: Torete | P5: Eucalyptus | Q5: Amostra 3 | X5: Mourões | Y5: =IF(X5='Listas suspensas'!$A$21,'Listas suspensas'!$B$23,IF(X5='Listas suspensas'!$A$22,'Listas suspensas'!$B$23,IF(X5='Listas suspensas'!$A$23,'Listas suspensas'!$B$22,IF(X5='Listas suspensas'!$A$26,'Listas suspensas'!$B$22,IF(X5='Listas suspensas'!$A$32,'Listas suspensas'!$B$22,IF(X5='Listas suspensas'!$A$33,'Listas suspensas'!$B$21,IF(X5='Listas suspensas'!$A$24,'Listas suspensas'!$B$22,IF(X5='Listas suspensas'!$A$30,'Listas suspensas'!$B$21,"")))))))) -> 6.5 | Z5: NBR 16143 | AA5: 3 | AB5: =IF(AA5='Listas suspensas'!$A$2,'Listas suspensas'!$B$2,IF(AA5='Listas suspensas'!$A$3,'Listas suspensas'!$B$3,IF(AA5='Listas suspensas'!$A$4,'Listas suspensas'!$B$4,IF(AA5='Listas suspensas'!$A$5,'Listas suspensas'!$B$5,IF(AA5='Listas suspensas'!$A$6,'Listas suspensas'!$B$6,""))))) -> Parcial e regular | AC5: =IF(AA5='Listas suspensas'!$A$2,'Listas suspensas'!$C$2,IF(AA5='Listas suspensas'!$A$3,'Listas suspensas'!$C$3,IF(AA5='Listas suspensas'!$A$4,'Listas suspensas'!$C$4,IF(AA5='Listas suspensas'!$A$5,'Listas suspensas'!$C$5,IF(AA5='Listas suspensas'!$A$6,'Listas suspensas'!$C$6,""))))) -> Indica a penetração uniforme, mas não total pela extensão do alburno. | AK5: 11.94 | AL5: 12.02 | AM5: 11.93 | AN5: 11.94 | AO5: 11.96 | AP5: =AVERAGE(AK5:AO5)/10 -> 1.1958 | AQ5: 11.79 | AR5: 10.53 | AS5: 15.61 | AT5: 14.8 | AU5: 13.05 | AV5: =AVERAGE(AQ5:AU5)/10 -> 1.3156 | AW5: 1.0178 | AX5: 0.9848 | AY5: 1.496 | AZ5: 1.4151 | BA5: 1.1901 | BB5: =AVERAGE(AW5:BA5) -> 1.22076 | BC5: =PI()*(AP5/2)^2*AV5 -> 1.4775114 | BE5: =(BB5/BC5)*1000 -> 826.22712 | BF5: 0.178 | BG5: 0.095 | BH5: 0.162 | BI5: =SUM(BF5:BH5) -> 0.435 | BJ5: 40.9 | BK5: 21.8 | BL5: 37.3 | BM5: =ROUND(SUM(BJ5:BL5),2) -> 100 | BN5: =ROUND((BF5/100)*BE5,2) -> 1.47 | BO5: =ROUND((BG5/100)*BE5,2) -> 0.78 | BP5: =ROUND((BH5/100)*BE5,2) -> 1.34 | BQ5: =ROUND(SUM(BN5:BP5),2) -> 3.59 | BR5: =IF(OR(AND(X5="Mourões", BQ5>=6.5),AND(X5="Postes", BQ5>=9.6),AND(X5="Dormentes", BQ5>=9.6),AND(X5="Estacas", BQ5>=6.5),AND(X5="Cruzetas", BQ5>=6.5),AND(X5="Outros - Solo", BQ5>=6.5),AND(X5="Outros - Suspenso",BQ5>=4),AND(X5="Deck",BQ5>=4)),'Listas suspensas'!$C$21,'Listas suspensas'!$C$22) -> Os resultados da análise química apresentaram uma retenção do produto inferior ao padrão mínimo exigido pela norma ABNT NBR 16143
B6: UFV-M-05 | C6: Finalizada | D6: 03.676.002/0001-93 | F6: 45328 | G6: 45329 | H6: 45330 | I6: Madtrat | J6: Santa Cruz do Rio Pardo | K6: SP | L6: Madeira | M6: qualidade@madtrat.com.br | N6: CCA - C | O6: Bagueta | P6: Eucalyptus | Q6: Mourão | X6: Mourões | Y6: =IF(X6='Listas suspensas'!$A$21,'Listas suspensas'!$B$23,IF(X6='Listas suspensas'!$A$22,'Listas suspensas'!$B$23,IF(X6='Listas suspensas'!$A$23,'Listas suspensas'!$B$22,IF(X6='Listas suspensas'!$A$26,'Listas suspensas'!$B$22,IF(X6='Listas suspensas'!$A$32,'Listas suspensas'!$B$22,IF(X6='Listas suspensas'!$A$33,'Listas suspensas'!$B$21,IF(X6='Listas suspensas'!$A$24,'Listas suspensas'!$B$22,IF(X6='Listas suspensas'!$A$30,'Listas suspensas'!$B$21,"")))))))) -> 6.5 | Z6: NBR 16143 | AA6: 1 | AB6: =IF(AA6='Listas suspensas'!$A$2,'Listas suspensas'!$B$2,IF(AA6='Listas suspensas'!$A$3,'Listas suspensas'!$B$3,IF(AA6='Listas suspensas'!$A$4,'Listas suspensas'!$B$4,IF(AA6='Listas suspensas'!$A$5,'Listas suspensas'!$B$5,IF(AA6='Listas suspensas'!$A$6,'Listas suspensas'!$B$6,""))))) -> Profunda e regular | AC6: =IF(AA6='Listas suspensas'!$A$2,'Listas suspensas'!$C$2,IF(AA6='Listas suspensas'!$A$3,'Listas suspensas'!$C$3,IF(AA6='Listas suspensas'!$A$4,'Listas suspensas'!$C$4,IF(AA6='Listas suspensas'!$A$5,'Listas suspensas'!$C$5,IF(AA6='Listas suspensas'!$A$6,'Listas suspensas'!$C$6,""))))) -> Indica a penetração profunda e uniforme em toda a extensão do alburno. | AK6: 12.07 | AL6: 11.87 | AM6: 10.87 | AN6: 11.34 | AO6: 11.2 | AP6: =AVERAGE(AK6:AO6)/10 -> 1.147 | AQ6: 19.78 | AR6: 16.6 | AS6: 17.56 | AT6: 16.21 | AU6: 15.87 | AV6: =AVERAGE(AQ6:AU6)/10 -> 1.7204 | AW6: 1.7981 | AX6: 1.5502 | AY6: 1.7351 | AZ6: 1.5215 | BA6: 1.4194 | BB6: =AVERAGE(AW6:BA6) -> 1.60486 | BC6: =PI()*(AP6/2)^2*AV6 -> 1.7776496 | BE6: =(BB6/BC6)*1000 -> 902.79886 | BF6: 0.364 | BG6: 0.16 | BH6: 0.263 | BI6: =SUM(BF6:BH6) -> 0.787 | BJ6: 46.2 | BK6: 20.3 | BL6: 33.5 | BM6: =ROUND(SUM(BJ6:BL6),2) -> 100 | BN6: =ROUND((BF6/100)*BE6,2) -> 3.29 | BO6: =ROUND((BG6/100)*BE6,2) -> 1.44 | BP6: =ROUND((BH6/100)*BE6,2) -> 2.37 | BQ6: =ROUND(SUM(BN6:BP6),2) -> 7.1 | BR6: =IF(OR(AND(X6="Mourões", BQ6>=6.5),AND(X6="Postes", BQ6>=9.6),AND(X6="Dormentes", BQ6>=9.6),AND(X6="Estacas", BQ6>=6.5),AND(X6="Cruzetas", BQ6>=6.5),AND(X6="Outros - Solo", BQ6>=6.5),AND(X6="Outros - Suspenso",BQ6>=4),AND(X6="Deck",BQ6>=4)),'Listas suspensas'!$C$21,'Listas suspensas'!$C$22) -> Os resultados da análise química apresentaram uma retenção do produto de acordo com o padrão mínimo exigido pela norma ABNT NBR 16143
B7: UFV-M-06 | C7: Finalizada | D7: 03.676.002/0001-93 | F7: 45328 | G7: 45329 | H7: 45330 | I7: Madtrat | J7: Santa Cruz do Rio Pardo | K7: SP | L7: Madeira | M7: qualidade@madtrat.com.br | N7: CCA - C | O7: Bagueta | P7: Eucalyptus | Q7: Poste Lote 16 | X7: Postes | Y7: =IF(X7='Listas suspensas'!$A$21,'Listas suspensas'!$B$23,IF(X7='Listas suspensas'!$A$22,'Listas suspensas'!$B$23,IF(X7='Listas suspensas'!$A$23,'Listas suspensas'!$B$22,IF(X7='Listas suspensas'!$A$26,'Listas suspensas'!$B$22,IF(X7='Listas suspensas'!$A$32,'Listas suspensas'!$B$22,IF(X7='Listas suspensas'!$A$33,'Listas suspensas'!$B$21,IF(X7='Listas suspensas'!$A$24,'Listas suspensas'!$B$22,IF(X7='Listas suspensas'!$A$30,'Listas suspensas'!$B$21,"")))))))) -> 9.6 | Z7: NBR 16143 | AA7: 1 | AB7: =IF(AA7='Listas suspensas'!$A$2,'Listas suspensas'!$B$2,IF(AA7='Listas suspensas'!$A$3,'Listas suspensas'!$B$3,IF(AA7='Listas suspensas'!$A$4,'Listas suspensas'!$B$4,IF(AA7='Listas suspensas'!$A$5,'Listas suspensas'!$B$5,IF(AA7='Listas suspensas'!$A$6,'Listas suspensas'!$B$6,""))))) -> Profunda e regular | AC7: =IF(AA7='Listas suspensas'!$A$2,'Listas suspensas'!$C$2,IF(AA7='Listas suspensas'!$A$3,'Listas suspensas'!$C$3,IF(AA7='Listas suspensas'!$A$4,'Listas suspensas'!$C$4,IF(AA7='Listas suspensas'!$A$5,'Listas suspensas'!$C$5,IF(AA7='Listas suspensas'!$A$6,'Listas suspensas'!$C$6,""))))) -> Indica a penetração profunda e uniforme em toda a extensão do alburno. | AK7: 11.17 | AL7: 11.92 | AM7: 11.99 | AN7: 10.68 | AO7: 11.11 | AP7: =AVERAGE(AK7:AO7)/10 -> 1.1374 | AQ7: 13.15 | AR7: 20.61 | AS7: 20.54 | AT7: 14.61 | AU7: 18.76 | AV7: =AVERAGE(AQ7:AU7)/10 -> 1.7534 | AW7: 1.3202 | AX7: 1.8622 | AY7: 1.9167 | AZ7: 1.4303 | BA7: 1.6906 | BB7: =AVERAGE(AW7:BA7) -> 1.644 | BC7: =PI()*(AP7/2)^2*AV7 -> 1.7815472 | BE7: =(BB7/BC7)*1000 -> 922.7934 | BF7: 0.424 | BG7: 0.202 | BH7: 0.36 | BI7: =SUM(BF7:BH7) -> 0.986 | BJ7: 43 | BK7: 20.5 | BL7: 36.5 | BM7: =ROUND(SUM(BJ7:BL7),2) -> 100 | BN7: =ROUND((BF7/100)*BE7,2) -> 3.91 | BO7: =ROUND((BG7/100)*BE7,2) -> 1.86 | BP7: =ROUND((BH7/100)*BE7,2) -> 3.32 | BQ7: =ROUND(SUM(BN7:BP7),2) -> 9.09 | BR7: =IF(OR(AND(X7="Mourões", BQ7>=6.5),AND(X7="Postes", BQ7>=9.6),AND(X7="Dormentes", BQ7>=9.6),AND(X7="Estacas", BQ7>=6.5),AND(X7="Cruzetas", BQ7>=6.5),AND(X7="Outros - Solo", BQ7>=6.5),AND(X7="Outros - Suspenso",BQ7>=4),AND(X7="Deck",BQ7>=4)),'Listas suspensas'!$C$21,'Listas suspensas'!$C$22) -> Os resultados da análise química apresentaram uma retenção do produto inferior ao padrão mínimo exigido pela norma ABNT NBR 16143
B8: UFV-M-07 | C8: Finalizada | D8: 03.676.002/0001-93 | F8: 45329 | G8: 45329 | H8: 45330 | I8: Madtrat | J8: Santa Cruz do Rio Pardo | K8: SP | L8: Madeira | M8: qualidade@madtrat.com.br | N8: CCA - C | O8: Bagueta | P8: Eucalyptus | Q8: VCS0001 | X8: Outros - Solo | Y8: =IF(X8='Listas suspensas'!$A$21,'Listas suspensas'!$B$23,IF(X8='Listas suspensas'!$A$22,'Listas suspensas'!$B$23,IF(X8='Listas suspensas'!$A$23,'Listas suspensas'!$B$22,IF(X8='Listas suspensas'!$A$26,'Listas suspensas'!$B$22,IF(X8='Listas suspensas'!$A$32,'Listas suspensas'!$B$22,IF(X8='Listas suspensas'!$A$33,'Listas suspensas'!$B$21,IF(X8='Listas suspensas'!$A$24,'Listas suspensas'!$B$22,IF(X8='Listas suspensas'!$A$30,'Listas suspensas'!$B$21,"")))))))) -> 6.5 | Z8: NBR 16143 | AA8: 2 | AB8: =IF(AA8='Listas suspensas'!$A$2,'Listas suspensas'!$B$2,IF(AA8='Listas suspensas'!$A$3,'Listas suspensas'!$B$3,IF(AA8='Listas suspensas'!$A$4,'Listas suspensas'!$B$4,IF(AA8='Listas suspensas'!$A$5,'Listas suspensas'!$B$5,IF(AA8='Listas suspensas'!$A$6,'Listas suspensas'!$B$6,""))))) -> Profunda e irregular | AC8: =IF(AA8='Listas suspensas'!$A$2,'Listas suspensas'!$C$2,IF(AA8='Listas suspensas'!$A$3,'Listas suspensas'!$C$3,IF(AA8='Listas suspensas'!$A$4,'Listas suspensas'!$C$4,IF(AA8='Listas suspensas'!$A$5,'Listas suspensas'!$C$5,IF(AA8='Listas suspensas'!$A$6,'Listas suspensas'!$C$6,""))))) -> Indica a penetração profunda, mas desuniforme em toda a extensão do alburno. | AK8: 12.05 | AL8: 11.93 | AM8: 11.93 | AP8: =AVERAGE(AK8:AO8)/10 -> 1.197 | AQ8: 19.17 | AR8: 18.25 | AS8: 18.08 | AV8: =AVERAGE(AQ8:AU8)/10 -> 1.85 | AW8: 1.7944 | AX8: 1.6945 | AY8: 1.6107 | BB8: =AVERAGE(AW8:BA8) -> 1.6998667 | BC8: =PI()*(AP8/2)^2*AV8 -> 2.0818523 | BE8: =(BB8/BC8)*1000 -> 816.51647 | BF8: 0.546 | BG8: 0.252 | BH8: 0.45 | BI8: =SUM(BF8:BH8) -> 1.248 | BJ8: 43.7 | BK8: 20.2 | BL8: 36.1 | BM8: =ROUND(SUM(BJ8:BL8),2) -> 100 | BN8: =ROUND((BF8/100)*BE8,2) -> 4.46 | BO8: =ROUND((BG8/100)*BE8,2) -> 2.06 | BP8: =ROUND((BH8/100)*BE8,2) -> 3.67 | BQ8: =ROUND(SUM(BN8:BP8),2) -> 10.19 | BR8: =IF(OR(AND(X8="Mourões", BQ8>=6.5),AND(X8="Postes", BQ8>=9.6),AND(X8="Dormentes", BQ8>=9.6),AND(X8="Estacas", BQ8>=6.5),AND(X8="Cruzetas", BQ8>=6.5),AND(X8="Outros - Solo", BQ8>=6.5),AND(X8="Outros - Suspenso",BQ8>=4),AND(X8="Deck",BQ8>=4)),'Listas suspensas'!$C$21,'Listas suspensas'!$C$22) -> Os resultados da análise química apresentaram uma retenção do produto de acordo com o padrão mínimo exigido pela norma ABNT NBR 16143
B9: UFV-M-08 | C9: Finalizada | F9: 45350 | G9: 45350 | H9: 45351 | I9: Lua Madeira Imunizada | J9: Nova União | K9: MG | L9: Madeira | M9: producao@luamadeira.com.br | N9: CCA - C | O9: Serrado 15 cm | P9: Eucalyptus | Q9: I1 | X9: Mourões | Y9: =IF(X9='Listas suspensas'!$A$21,'Listas suspensas'!$B$23,IF(X9='Listas suspensas'!$A$22,'Listas suspensas'!$B$23,IF(X9='Listas suspensas'!$A$23,'Listas suspensas'!$B$22,IF(X9='Listas suspensas'!$A$26,'Listas suspensas'!$B$22,IF(X9='Listas suspensas'!$A$32,'Listas suspensas'!$B$22,IF(X9='Listas suspensas'!$A$33,'Listas suspensas'!$B$21,IF(X9='Listas suspensas'!$A$24,'Listas suspensas'!$B$22,IF(X9='Listas suspensas'!$A$30,'Listas suspensas'!$B$21,"")))))))) -> 6.5 | Z9: NBR 16143 | AA9: 3 | AB9: =IF(AA9='Listas suspensas'!$A$2,'Listas suspensas'!$B$2,IF(AA9='Listas suspensas'!$A$3,'Listas suspensas'!$B$3,IF(AA9='Listas suspensas'!$A$4,'Listas suspensas'!$B$4,IF(AA9='Listas suspensas'!$A$5,'Listas suspensas'!$B$5,IF(AA9='Listas suspensas'!$A$6,'Listas suspensas'!$B$6,""))))) -> Parcial e regular | AC9: =IF(AA9='Listas suspensas'!$A$2,'Listas suspensas'!$C$2,IF(AA9='Listas suspensas'!$A$3,'Listas suspensas'!$C$3,IF(AA9='Listas suspensas'!$A$4,'Listas suspensas'!$C$4,IF(AA9='Listas suspensas'!$A$5,'Listas suspensas'!$C$5,IF(AA9='Listas suspensas'!$A$6,'Listas suspensas'!$C$6,""))))) -> Indica a penetração uniforme, mas não total pela extensão do alburno. | AK9: 11.02 | AL9: 10.94 | AM9: 11.25 | AN9: 11.2 | AO9: 11.25 | AP9: =AVERAGE(AK9:AO9)/10 -> 1.1132 | AQ9: 15.29 | AR9: 15.56 | AS9: 14.77 | AT9: 12.56 | AU9: 15.57 | AV9: =AVERAGE(AQ9:AU9)/10 -> 1.475 | AW9: 1.3813 | AX9: 1.2688 | AY9: 1.3427 | AZ9: 1.0205 | BA9: 1.2435 | BB9: =AVERAGE(AW9:BA9) -> 1.25136 | BC9: =PI()*(AP9/2)^2*AV9 -> 1.435583 | BE9: =(BB9/BC9)*1000 -> 871.67376 | BF9: 0.383 | BG9: 0.206 | BH9: 0.408 | BI9: =SUM(BF9:BH9) -> 0.997 | BJ9: 38.4 | BK9: 20.6 | BL9: 41 | BM9: =ROUND(SUM(BJ9:BL9),2) -> 100 | BN9: =ROUND((BF9/100)*BE9,2) -> 3.34 | BO9: =ROUND((BG9/100)*BE9,2) -> 1.8 | BP9: =ROUND((BH9/100)*BE9,2) -> 3.56 | BQ9: =ROUND(SUM(BN9:BP9),2) -> 8.7 | BR9: =IF(OR(AND(X9="Mourões", BQ9>=6.5),AND(X9="Postes", BQ9>=9.6),AND(X9="Dormentes", BQ9>=9.6),AND(X9="Estacas", BQ9>=6.5),AND(X9="Cruzetas", BQ9>=6.5),AND(X9="Outros - Solo", BQ9>=6.5),AND(X9="Outros - Suspenso",BQ9>=4),AND(X9="Deck",BQ9>=4)),'Listas suspensas'!$C$21,'Listas suspensas'!$C$22) -> Os resultados da análise química apresentaram uma retenção do produto de acordo com o padrão mínimo exigido pela norma ABNT NBR 16143
B10: UFV-M-09 | C10: Finalizada | F10: 45358 | G10: 45358 | H10: 45364 | I10: LiptosFlora | J10: Tangará da Serra | K10: MT | L10: Madeira | N10: CCA - C | O10: Bagueta | P10: Eucalyptus | Q10: Amostra 01 (8x10) | X10: Mourões | Y10: =IF(X10='Listas suspensas'!$A$21,'Listas suspensas'!$B$23,IF(X10='Listas suspensas'!$A$22,'Listas suspensas'!$B$23,IF(X10='Listas suspensas'!$A$23,'Listas suspensas'!$B$22,IF(X10='Listas suspensas'!$A$26,'Listas suspensas'!$B$22,IF(X10='Listas suspensas'!$A$32,'Listas suspensas'!$B$22,IF(X10='Listas suspensas'!$A$33,'Listas suspensas'!$B$21,IF(X10='Listas suspensas'!$A$24,'Listas suspensas'!$B$22,IF(X10='Listas suspensas'!$A$30,'Listas suspensas'!$B$21,"")))))))) -> 6.5 | Z10: NBR 16143 | AA10: 2 | AB10: =IF(AA10='Listas suspensas'!$A$2,'Listas suspensas'!$B$2,IF(AA10='Listas suspensas'!$A$3,'Listas suspensas'!$B$3,IF(AA10='Listas suspensas'!$A$4,'Listas suspensas'!$B$4,IF(AA10='Listas suspensas'!$A$5,'Listas suspensas'!$B$5,IF(AA10='Listas suspensas'!$A$6,'Listas suspensas'!$B$6,""))))) -> Profunda e irregular | AC10: =IF(AA10='Listas suspensas'!$A$2,'Listas suspensas'!$C$2,IF(AA10='Listas suspensas'!$A$3,'Listas suspensas'!$C$3,IF(AA10='Listas suspensas'!$A$4,'Listas suspensas'!$C$4,IF(AA10='Listas suspensas'!$A$5,'Listas suspensas'!$C$5,IF(AA10='Listas suspensas'!$A$6,'Listas suspensas'!$C$6,""))))) -> Indica a penetração profunda, mas desuniforme em toda a extensão do alburno. | AK10: 11.72 | AL10: 11.9 | AM10: 10.87 | AN10: 11.75 | AO10: 11.47 | AP10: =AVERAGE(AK10:AO10)/10 -> 1.1542 | AQ10: 15.21 | AR10: 14.2 | AS10: 13.52 | AT10: 12.66 | AU10: 15.09 | AV10: =AVERAGE(AQ10:AU10)/10 -> 1.4136 | AW10: 1.1437 | AX10: 1.1109 | AY10: 1.0095 | AZ10: 1.0319 | BA10: 1.1565 | BB10: =AVERAGE(AW10:BA10) -> 1.0905 | BC10: =PI()*(AP10/2)^2*AV10 -> 1.4790354 | BE10: =(BB10/BC10)*1000 -> 737.30489 | BF10: 0.368 | BG10: 0.184 | BH10: 0.327 | BI10: =SUM(BF10:BH10) -> 0.879 | BJ10: 41.9 | BK10: 20.9 | BL10: 37.2 | BM10: =ROUND(SUM(BJ10:BL10),2) -> 100 | BN10: =ROUND((BF10/100)*BE10,2) -> 2.71 | BO10: =ROUND((BG10/100)*BE10,2) -> 1.36 | BP10: =ROUND((BH10/100)*BE10,2) -> 2.41 | BQ10: =ROUND(SUM(BN10:BP10),2) -> 6.48 | BR10: =IF(OR(AND(X10="Mourões", BQ10>=6.5),AND(X10="Postes", BQ10>=9.6),AND(X10="Dormentes", BQ10>=9.6),AND(X10="Estacas", BQ10>=6.5),AND(X10="Cruzetas", BQ10>=6.5),AND(X10="Outros - Solo", BQ10>=6.5),AND(X10="Outros - Suspenso",BQ10>=4),AND(X10="Deck",BQ10>=4)),'Listas suspensas'!$C$21,'Listas suspensas'!$C$22) -> Os resultados da análise química apresentaram uma retenção do produto inferior ao padrão mínimo exigido pela norma ABNT NBR 16143
B11: UFV-M-10 | C11: Finalizada | F11: 45358 | G11: 45358 | H11: 45364 | I11: LiptosFlora | J11: Tangará da Serra | K11: MT | L11: Madeira | N11: CCA - C | O11: Bagueta | P11: Eucalyptus | Q11: Amostra 02 (8X10) | X11: Mourões | Y11: =IF(X11='Listas suspensas'!$A$21,'Listas suspensas'!$B$23,IF(X11='Listas suspensas'!$A$22,'Listas suspensas'!$B$23,IF(X11='Listas suspensas'!$A$23,'Listas suspensas'!$B$22,IF(X11='Listas suspensas'!$A$26,'Listas suspensas'!$B$22,IF(X11='Listas suspensas'!$A$32,'Listas suspensas'!$B$22,IF(X11='Listas suspensas'!$A$33,'Listas suspensas'!$B$21,IF(X11='Listas suspensas'!$A$24,'Listas suspensas'!$B$22,IF(X11='Listas suspensas'!$A$30,'Listas suspensas'!$B$21,"")))))))) -> 6.5 | Z11: NBR 16143 | AA11: 2 | AB11: =IF(AA11='Listas suspensas'!$A$2,'Listas suspensas'!$B$2,IF(AA11='Listas suspensas'!$A$3,'Listas suspensas'!$B$3,IF(AA11='Listas suspensas'!$A$4,'Listas suspensas'!$B$4,IF(AA11='Listas suspensas'!$A$5,'Listas suspensas'!$B$5,IF(AA11='Listas suspensas'!$A$6,'Listas suspensas'!$B$6,""))))) -> Profunda e irregular | AC11: =IF(AA11='Listas suspensas'!$A$2,'Listas suspensas'!$C$2,IF(AA11='Listas suspensas'!$A$3,'Listas suspensas'!$C$3,IF(AA11='Listas suspensas'!$A$4,'Listas suspensas'!$C$4,IF(AA11='Listas suspensas'!$A$5,'Listas suspensas'!$C$5,IF(AA11='Listas suspensas'!$A$6,'Listas suspensas'!$C$6,""))))) -> Indica a penetração profunda, mas desuniforme em toda a extensão do alburno. | AK11: 11.05 | AL11: 11.37 | AM11: 11.22 | AN11: 11.3 | AO11: 11.23 | AP11: =AVERAGE(AK11:AO11)/10 -> 1.1234 | AQ11: 14.43 | AR11: 14.33 | AS11: 12.59 | AT11: 15.36 | AU11: 13.29 | AV11: =AVERAGE(AQ11:AU11)/10 -> 1.4 | AW11: 1.0486 | AX11: 1.0978 | AY11: 0.9422 | AZ11: 1.1944 | BA11: 1.0293 | BB11: =AVERAGE(AW11:BA11) -> 1.06246 | BC11: =PI()*(AP11/2)^2*AV11 -> 1.3876718 | BE11: =(BB11/BC11)*1000 -> 765.64215 | BF11: 0.419 | BG11: 0.19 | BH11: 0.311 | BI11: =SUM(BF11:BH11) -> 0.92 | BJ11: 45.5 | BK11: 20.7 | BL11: 33.8 | BM11: =ROUND(SUM(BJ11:BL11),2) -> 100 | BN11: =ROUND((BF11/100)*BE11,2) -> 3.21 | BO11: =ROUND((BG11/100)*BE11,2) -> 1.45 | BP11: =ROUND((BH11/100)*BE11,2) -> 2.38 | BQ11: =ROUND(SUM(BN11:BP11),2) -> 7.04 | BR11: =IF(OR(AND(X11="Mourões", BQ11>=6.5),AND(X11="Postes", BQ11>=9.6),AND(X11="Dormentes", BQ11>=9.6),AND(X11="Estacas", BQ11>=6.5),AND(X11="Cruzetas", BQ11>=6.5),AND(X11="Outros - Solo", BQ11>=6.5),AND(X11="Outros - Suspenso",BQ11>=4),AND(X11="Deck",BQ11>=4)),'Listas suspensas'!$C$21,'Listas suspensas'!$C$22) -> Os resultados da análise química apresentaram uma retenção do produto de acordo com o padrão mínimo exigido pela norma ABNT NBR 16143
B12: UFV-M-11 | C12: Finalizada | F12: 45358 | G12: 45358 | H12: 45364 | I12: LiptosFlora | J12: Tangará da Serra | K12: MT | L12: Madeira | N12: CCA - C | O12: Bagueta | P12: Eucalyptus | Q12: Amostra 03 (10x12) | X12: Mourões | Y12: =IF(X12='Listas suspensas'!$A$21,'Listas suspensas'!$B$23,IF(X12='Listas suspensas'!$A$22,'Listas suspensas'!$B$23,IF(X12='Listas suspensas'!$A$23,'Listas suspensas'!$B$22,IF(X12='Listas suspensas'!$A$26,'Listas suspensas'!$B$22,IF(X12='Listas suspensas'!$A$32,'Listas suspensas'!$B$22,IF(X12='Listas suspensas'!$A$33,'Listas suspensas'!$B$21,IF(X12='Listas suspensas'!$A$24,'Listas suspensas'!$B$22,IF(X12='Listas suspensas'!$A$30,'Listas suspensas'!$B$21,"")))))))) -> 6.5 | Z12: NBR 16143 | AA12: 3 | AB12: =IF(AA12='Listas suspensas'!$A$2,'Listas suspensas'!$B$2,IF(AA12='Listas suspensas'!$A$3,'Listas suspensas'!$B$3,IF(AA12='Listas suspensas'!$A$4,'Listas suspensas'!$B$4,IF(AA12='Listas suspensas'!$A$5,'Listas suspensas'!$B$5,IF(AA12='Listas suspensas'!$A$6,'Listas suspensas'!$B$6,""))))) -> Parcial e regular | AC12: =IF(AA12='Listas suspensas'!$A$2,'Listas suspensas'!$C$2,IF(AA12='Listas suspensas'!$A$3,'Listas suspensas'!$C$3,IF(AA12='Listas suspensas'!$A$4,'Listas suspensas'!$C$4,IF(AA12='Listas suspensas'!$A$5,'Listas suspensas'!$C$5,IF(AA12='Listas suspensas'!$A$6,'Listas suspensas'!$C$6,""))))) -> Indica a penetração uniforme, mas não total pela extensão do alburno. | AK12: 11.84 | AL12: 11.38 | AM12: 11.88 | AN12: 11.86 | AO12: 12.14 | AP12: =AVERAGE(AK12:AO12)/10 -> 1.182 | AQ12: 4.51 | AR12: 4.65 | AS12: 5.63 | AT12: 5.29 | AU12: 5.93 | AV12: =AVERAGE(AQ12:AU12)/10 -> 0.5202 | AW12: 0.2882 | AX12: 0.3332 | AY12: 0.3909 | AZ12: 0.3912 | BA12: 0.4418 | BB12: =AVERAGE(AW12:BA12) -> 0.36906 | BC12: =PI()*(AP12/2)^2*AV12 -> 0.57081474 | BE12: =(BB12/BC12)*1000 -> 646.54952 | BI12: =SUM(BF12:BH12) -> 0 | BM12: =ROUND(SUM(BJ12:BL12),2) -> 0 | BN12: =ROUND((BF12/100)*BE12,2) -> 0 | BO12: =ROUND((BG12/100)*BE12,2) -> 0 | BP12: =ROUND((BH12/100)*BE12,2) -> 0 | BQ12: =ROUND(SUM(BN12:BP12),2) -> 0 | BR12: =IF(OR(AND(X12="Mourões", BQ12>=6.5),AND(X12="Postes", BQ12>=9.6),AND(X12="Dormentes", BQ12>=9.6),AND(X12="Estacas", BQ12>=6.5),AND(X12="Cruzetas", BQ12>=6.5),AND(X12="Outros - Solo", BQ12>=6.5),AND(X12="Outros - Suspenso",BQ12>=4),AND(X12="Deck",BQ12>=4)),'Listas suspensas'!$C$21,'Listas suspensas'!$C$22) -> Os resultados da análise química apresentaram uma retenção do produto inferior ao padrão mínimo exigido pela norma ABNT NBR 16143
B13: UFV-M-12 | C13: Finalizada | F13: 45358 | G13: 45358 | H13: 45364 | I13: LiptosFlora | J13: Tangará da Serra | K13: MT | L13: Madeira | N13: CCA - C | O13: Bagueta | P13: Eucalyptus | Q13: Amostra 04 (12x14) | X13: Mourões | Y13: =IF(X13='Listas suspensas'!$A$21,'Listas suspensas'!$B$23,IF(X13='Listas suspensas'!$A$22,'Listas suspensas'!$B$23,IF(X13='Listas suspensas'!$A$23,'Listas suspensas'!$B$22,IF(X13='Listas suspensas'!$A$26,'Listas suspensas'!$B$22,IF(X13='Listas suspensas'!$A$32,'Listas suspensas'!$B$22,IF(X13='Listas suspensas'!$A$33,'Listas suspensas'!$B$21,IF(X13='Listas suspensas'!$A$24,'Listas suspensas'!$B$22,IF(X13='Listas suspensas'!$A$30,'Listas suspensas'!$B$21,"")))))))) -> 6.5 | Z13: NBR 16143 | AA13: 2 | AB13: =IF(AA13='Listas suspensas'!$A$2,'Listas suspensas'!$B$2,IF(AA13='Listas suspensas'!$A$3,'Listas suspensas'!$B$3,IF(AA13='Listas suspensas'!$A$4,'Listas suspensas'!$B$4,IF(AA13='Listas suspensas'!$A$5,'Listas suspensas'!$B$5,IF(AA13='Listas suspensas'!$A$6,'Listas suspensas'!$B$6,""))))) -> Profunda e irregular | AC13: =IF(AA13='Listas suspensas'!$A$2,'Listas suspensas'!$C$2,IF(AA13='Listas suspensas'!$A$3,'Listas suspensas'!$C$3,IF(AA13='Listas suspensas'!$A$4,'Listas suspensas'!$C$4,IF(AA13='Listas suspensas'!$A$5,'Listas suspensas'!$C$5,IF(AA13='Listas suspensas'!$A$6,'Listas suspensas'!$C$6,""))))) -> Indica a penetração profunda, mas desuniforme em toda a extensão do alburno. | AK13: 11.47 | AL13: 11.16 | AM13: 11.94 | AN13: 11.17 | AO13: 11.22 | AP13: =AVERAGE(AK13:AO13)/10 -> 1.1392 | AQ13: 9.2 | AR13: 10.02 | AS13: 9.86 | AT13: 8.33 | AU13: 12.51 | AV13: =AVERAGE(AQ13:AU13)/10 -> 0.9984 | AW13: 0.7724 | AX13: 0.7506 | AY13: 0.7333 | AZ13: 0.6418 | BA13: 0.9759 | BB13: =AVERAGE(AW13:BA13) -> 0.7748 | BC13: =PI()*(AP13/2)^2*AV13 -> 1.0176406 | BE13: =(BB13/BC13)*1000 -> 761.36903 | BF13: 0.327 | BG13: 0.145 | BH13: 0.243 | BI13: =SUM(BF13:BH13) -> 0.715 | BJ13: 45.7 | BK13: 20.3 | BL13: 34 | BM13: =ROUND(SUM(BJ13:BL13),2) -> 100 | BN13: =ROUND((BF13/100)*BE13,2) -> 2.49 | BO13: =ROUND((BG13/100)*BE13,2) -> 1.1 | BP13: =ROUND((BH13/100)*BE13,2) -> 1.85 | BQ13: =ROUND(SUM(BN13:BP13),2) -> 5.44 | BR13: =IF(OR(AND(X13="Mourões", BQ13>=6.5),AND(X13="Postes", BQ13>=9.6),AND(X13="Dormentes", BQ13>=9.6),AND(X13="Estacas", BQ13>=6.5),AND(X13="Cruzetas", BQ13>=6.5),AND(X13="Outros - Solo", BQ13>=6.5),AND(X13="Outros - Suspenso",BQ13>=4),AND(X13="Deck",BQ13>=4)),'Listas suspensas'!$C$21,'Listas suspensas'!$C$22) -> Os resultados da análise química apresentaram uma retenção do produto inferior ao padrão mínimo exigido pela norma ABNT NBR 16143
B14: UFV-M-13 | C14: Finalizada | F14: 45358 | G14: 45358 | H14: 45364 | I14: LiptosFlora | J14: Tangará da Serra | K14: MT | L14: Madeira | N14: CCA - C | O14: Bagueta | P14: Eucalyptus | Q14: Amostra 05 (10x12) | X14: Mourões | Y14: =IF(X14='Listas suspensas'!$A$21,'Listas suspensas'!$B$23,IF(X14='Listas suspensas'!$A$22,'Listas suspensas'!$B$23,IF(X14='Listas suspensas'!$A$23,'Listas suspensas'!$B$22,IF(X14='Listas suspensas'!$A$26,'Listas suspensas'!$B$22,IF(X14='Listas suspensas'!$A$32,'Listas suspensas'!$B$22,IF(X14='Listas suspensas'!$A$33,'Listas suspensas'!$B$21,IF(X14='Listas suspensas'!$A$24,'Listas suspensas'!$B$22,IF(X14='Listas suspensas'!$A$30,'Listas suspensas'!$B$21,"")))))))) -> 6.5 | Z14: NBR 16143 | AA14: 3 | AB14: =IF(AA14='Listas suspensas'!$A$2,'Listas suspensas'!$B$2,IF(AA14='Listas suspensas'!$A$3,'Listas suspensas'!$B$3,IF(AA14='Listas suspensas'!$A$4,'Listas suspensas'!$B$4,IF(AA14='Listas suspensas'!$A$5,'Listas suspensas'!$B$5,IF(AA14='Listas suspensas'!$A$6,'Listas suspensas'!$B$6,""))))) -> Parcial e regular | AC14: =IF(AA14='Listas suspensas'!$A$2,'Listas suspensas'!$C$2,IF(AA14='Listas suspensas'!$A$3,'Listas suspensas'!$C$3,IF(AA14='Listas suspensas'!$A$4,'Listas suspensas'!$C$4,IF(AA14='Listas suspensas'!$A$5,'Listas suspensas'!$C$5,IF(AA14='Listas suspensas'!$A$6,'Listas suspensas'!$C$6,""))))) -> Indica a penetração uniforme, mas não total pela extensão do alburno. | AK14: 11.14 | AL14: 11.4 | AM14: 11.41 | AN14: 11.1 | AO14: 11.1 | AP14: =AVERAGE(AK14:AO14)/10 -> 1.123 | AQ14: 9.93 | AR14: 9.62 | AS14: 9.03 | AT14: 8 | AU14: 8.12 | AV14: =AVERAGE(AQ14:AU14)/10 -> 0.894 | AW14: 0.8105 | AX14: 0.8205 | AY14: 0.7324 | AZ14: 0.6016 | BA14: 0.6706 | BB14: =AVERAGE(AW14:BA14) -> 0.72712 | BC14: =PI()*(AP14/2)^2*AV14 -> 0.88549663 | BE14: =(BB14/BC14)*1000 -> 821.14372 | BF14: 0.291 | BG14: 0.115 | BH14: 0.172 | BI14: =SUM(BF14:BH14) -> 0.578 | BJ14: 50.4 | BK14: 19.8 | BL14: 29.8 | BM14: =ROUND(SUM(BJ14:BL14),2) -> 100 | BN14: =ROUND((BF14/100)*BE14,2) -> 2.39 | BO14: =ROUND((BG14/100)*BE14,2) -> 0.94 | BP14: =ROUND((BH14/100)*BE14,2) -> 1.41 | BQ14: =ROUND(SUM(BN14:BP14),2) -> 4.74 | BR14: =IF(OR(AND(X14="Mourões", BQ14>=6.5),AND(X14="Postes", BQ14>=9.6),AND(X14="Dormentes", BQ14>=9.6),AND(X14="Estacas", BQ14>=6.5),AND(X14="Cruzetas", BQ14>=6.5),AND(X14="Outros - Solo", BQ14>=6.5),AND(X14="Outros - Suspenso",BQ14>=4),AND(X14="Deck",BQ14>=4)),'Listas suspensas'!$C$21,'Listas suspensas'!$C$22) -> Os resultados da análise química apresentaram uma retenção do produto inferior ao padrão mínimo exigido pela norma ABNT NBR 16143
B15: UFV-M-14 | C15: Finalizada | F15: 45358 | G15: 45358 | H15: 45364 | I15: LiptosFlora | J15: Tangará da Serra | K15: MT | L15: Madeira | N15: CCA - C | O15: Bagueta | P15: Eucalyptus | Q15: Amostra 06 (15x18) | X15: Mourões | Y15: =IF(X15='Listas suspensas'!$A$21,'Listas suspensas'!$B$23,IF(X15='Listas suspensas'!$A$22,'Listas suspensas'!$B$23,IF(X15='Listas suspensas'!$A$23,'Listas suspensas'!$B$22,IF(X15='Listas suspensas'!$A$26,'Listas suspensas'!$B$22,IF(X15='Listas suspensas'!$A$32,'Listas suspensas'!$B$22,IF(X15='Listas suspensas'!$A$33,'Listas suspensas'!$B$21,IF(X15='Listas suspensas'!$A$24,'Listas suspensas'!$B$22,IF(X15='Listas suspensas'!$A$30,'Listas suspensas'!$B$21,"")))))))) -> 6.5 | Z15: NBR 16143 | AA15: 4 | AB15: =IF(AA15='Listas suspensas'!$A$2,'Listas suspensas'!$B$2,IF(AA15='Listas suspensas'!$A$3,'Listas suspensas'!$B$3,IF(AA15='Listas suspensas'!$A$4,'Listas suspensas'!$B$4,IF(AA15='Listas suspensas'!$A$5,'Listas suspensas'!$B$5,IF(AA15='Listas suspensas'!$A$6,'Listas suspensas'!$B$6,""))))) -> Parcial e irregular | AC15: =IF(AA15='Listas suspensas'!$A$2,'Listas suspensas'!$C$2,IF(AA15='Listas suspensas'!$A$3,'Listas suspensas'!$C$3,IF(AA15='Listas suspensas'!$A$4,'Listas suspensas'!$C$4,IF(AA15='Listas suspensas'!$A$5,'Listas suspensas'!$C$5,IF(AA15='Listas suspensas'!$A$6,'Listas suspensas'!$C$6,""))))) -> Indica a penetração desuniforme e não total pela extensão do alburno. | AK15: 11.08 | AL15: 11.13 | AM15: 11.12 | AN15: 11.23 | AO15: 11.17 | AP15: =AVERAGE(AK15:AO15)/10 -> 1.1146 | AQ15: 12.5 | AR15: 12.52 | AS15: 12.51 | AT15: 11.21 | AU15: 11.13 | AV15: =AVERAGE(AQ15:AU15)/10 -> 1.1974 | AW15: 1.1462 | AX15: 1.1811 | AY15: 1.2063 | AZ15: 1.0026 | BA15: 1.0388 | BB15: =AVERAGE(AW15:BA15) -> 1.115 | BC15: =PI()*(AP15/2)^2*AV15 -> 1.1683345 | BE15: =(BB15/BC15)*1000 -> 954.34995 | BF15: 0.282 | BG15: 0.122 | BH15: 0.209 | BI15: =SUM(BF15:BH15) -> 0.613 | BJ15: 46 | BK15: 19.9 | BL15: 34.1 | BM15: =ROUND(SUM(BJ15:BL15),2) -> 100 | BN15: =ROUND((BF15/100)*BE15,2) -> 2.69 | BO15: =ROUND((BG15/100)*BE15,2) -> 1.16 | BP15: =ROUND((BH15/100)*BE15,2) -> 1.99 | BQ15: =ROUND(SUM(BN15:BP15),2) -> 5.84 | BR15: =IF(OR(AND(X15="Mourões", BQ15>=6.5),AND(X15="Postes", BQ15>=9.6),AND(X15="Dormentes", BQ15>=9.6),AND(X15="Estacas", BQ15>=6.5),AND(X15="Cruzetas", BQ15>=6.5),AND(X15="Outros - Solo", BQ15>=6.5),AND(X15="Outros - Suspenso",BQ15>=4),AND(X15="Deck",BQ15>=4)),'Listas suspensas'!$C$21,'Listas suspensas'!$C$22) -> Os resultados da análise química apresentaram uma retenção do produto inferior ao padrão mínimo exigido pela norma ABNT NBR 16143
B16: UFV-M-15 | C16: Finalizada | F16: 45358 | G16: 45358 | H16: 45364 | I16: LiptosFlora | J16: Tangará da Serra | K16: MT | L16: Madeira | N16: CCA - C | O16: Bagueta | P16: Eucalyptus | Q16: Amostra 07 (13x15) | X16: Mourões | Y16: =IF(X16='Listas suspensas'!$A$21,'Listas suspensas'!$B$23,IF(X16='Listas suspensas'!$A$22,'Listas suspensas'!$B$23,IF(X16='Listas suspensas'!$A$23,'Listas suspensas'!$B$22,IF(X16='Listas suspensas'!$A$26,'Listas suspensas'!$B$22,IF(X16='Listas suspensas'!$A$32,'Listas suspensas'!$B$22,IF(X16='Listas suspensas'!$A$33,'Listas suspensas'!$B$21,IF(X16='Listas suspensas'!$A$24,'Listas suspensas'!$B$22,IF(X16='Listas suspensas'!$A$30,'Listas suspensas'!$B$21,"")))))))) -> 6.5 | Z16: NBR 16143 | AA16: 4 | AB16: =IF(AA16='Listas suspensas'!$A$2,'Listas suspensas'!$B$2,IF(AA16='Listas suspensas'!$A$3,'Listas suspensas'!$B$3,IF(AA16='Listas suspensas'!$A$4,'Listas suspensas'!$B$4,IF(AA16='Listas suspensas'!$A$5,'Listas suspensas'!$B$5,IF(AA16='Listas suspensas'!$A$6,'Listas suspensas'!$B$6,""))))) -> Parcial e irregular | AC16: =IF(AA16='Listas suspensas'!$A$2,'Listas suspensas'!$C$2,IF(AA16='Listas suspensas'!$A$3,'Listas suspensas'!$C$3,IF(AA16='Listas suspensas'!$A$4,'Listas suspensas'!$C$4,IF(AA16='Listas suspensas'!$A$5,'Listas suspensas'!$C$5,IF(AA16='Listas suspensas'!$A$6,'Listas suspensas'!$C$6,""))))) -> Indica a penetração desuniforme e não total pela extensão do alburno. | AK16: 11.04 | AL16: 10.9 | AM16: 11.95 | AN16: 11.07 | AO16: 11.09 | AP16: =AVERAGE(AK16:AO16)/10 -> 1.121 | AQ16: 8.52 | AR16: 11.99 | AS16: 10.09 | AT16: 11.23 | AU16: 9.07 | AV16: =AVERAGE(AQ16:AU16)/10 -> 1.018 | AW16: 0.8111 | AX16: 1.0545 | AY16: 0.9687 | AZ16: 1.0774 | BA16: 0.8391 | BB16: =AVERAGE(AW16:BA16) -> 0.95016 | BC16: =PI()*(AP16/2)^2*AV16 -> 1.0047289 | BE16: =(BB16/BC16)*1000 -> 945.68796 | BF16: 0.261 | BG16: 0.107 | BH16: 0.193 | BI16: =SUM(BF16:BH16) -> 0.561 | BJ16: 46.5 | BK16: 19.1 | BL16: 34.4 | BM16: =ROUND(SUM(BJ16:BL16),2) -> 100 | BN16: =ROUND((BF16/100)*BE16,2) -> 2.47 | BO16: =ROUND((BG16/100)*BE16,2) -> 1.01 | BP16: =ROUND((BH16/100)*BE16,2) -> 1.83 | BQ16: =ROUND(SUM(BN16:BP16),2) -> 5.31 | BR16: =IF(OR(AND(X16="Mourões", BQ16>=6.5),AND(X16="Postes", BQ16>=9.6),AND(X16="Dormentes", BQ16>=9.6),AND(X16="Estacas", BQ16>=6.5),AND(X16="Cruzetas", BQ16>=6.5),AND(X16="Outros - Solo", BQ16>=6.5),AND(X16="Outros - Suspenso",BQ16>=4),AND(X16="Deck",BQ16>=4)),'Listas suspensas'!$C$21,'Listas suspensas'!$C$22) -> Os resultados da análise química apresentaram uma retenção do produto inferior ao padrão mínimo exigido pela norma ABNT NBR 16143
B17: UFV-M-16 | C17: Finalizada | F17: 45358 | G17: 45358 | H17: 45364 | I17: LiptosFlora | J17: Tangará da Serra | K17: MT | L17: Madeira | N17: CCA - C | O17: Bagueta | P17: Corymbia | Q17: Amostra 08 (Citriodoro) | X17: Mourões | Y17: =IF(X17='Listas suspensas'!$A$21,'Listas suspensas'!$B$23,IF(X17='Listas suspensas'!$A$22,'Listas suspensas'!$B$23,IF(X17='Listas suspensas'!$A$23,'Listas suspensas'!$B$22,IF(X17='Listas suspensas'!$A$26,'Listas suspensas'!$B$22,IF(X17='Listas suspensas'!$A$32,'Listas suspensas'!$B$22,IF(X17='Listas suspensas'!$A$33,'Listas suspensas'!$B$21,IF(X17='Listas suspensas'!$A$24,'Listas suspensas'!$B$22,IF(X17='Listas suspensas'!$A$30,'Listas suspensas'!$B$21,"")))))))) -> 6.5 | Z17: NBR 16143 | AA17: 1 | AB17: =IF(AA17='Listas suspensas'!$A$2,'Listas suspensas'!$B$2,IF(AA17='Listas suspensas'!$A$3,'Listas suspensas'!$B$3,IF(AA17='Listas suspensas'!$A$4,'Listas suspensas'!$B$4,IF(AA17='Listas suspensas'!$A$5,'Listas suspensas'!$B$5,IF(AA17='Listas suspensas'!$A$6,'Listas suspensas'!$B$6,""))))) -> Profunda e regular | AC17: =IF(AA17='Listas suspensas'!$A$2,'Listas suspensas'!$C$2,IF(AA17='Listas suspensas'!$A$3,'Listas suspensas'!$C$3,IF(AA17='Listas suspensas'!$A$4,'Listas suspensas'!$C$4,IF(AA17='Listas suspensas'!$A$5,'Listas suspensas'!$C$5,IF(AA17='Listas suspensas'!$A$6,'Listas suspensas'!$C$6,""))))) -> Indica a penetração profunda e uniforme em toda a extensão do alburno. | AK17: 11.43 | AL17: 11.24 | AM17: 11.18 | AN17: 11.43 | AO17: 11.18 | AP17: =AVERAGE(AK17:AO17)/10 -> 1.1292 | AQ17: 23.16 | AR17: 24.9 | AS17: 20.4 | AT17: 29.51 | AU17: 34.1 | AV17: =AVERAGE(AQ17:AU17)/10 -> 2.6414 | AW17: 2.0496 | AX17: 1.8898 | AY17: 1.79 | AZ17: 2.5661 | BA17: 2.9373 | BB17: =AVERAGE(AW17:BA17) -> 2.24656 | BC17: =PI()*(AP17/2)^2*AV17 -> 2.6452443 | BE17: =(BB17/BC17)*1000 -> 849.2826 | BF17: 0.308 | BG17: 0.206 | BH17: 0.375 | BI17: =SUM(BF17:BH17) -> 0.889 | BJ17: 34.6 | BK17: 23.2 | BL17: 42.2 | BM17: =ROUND(SUM(BJ17:BL17),2) -> 100 | BN17: =ROUND((BF17/100)*BE17,2) -> 2.62 | BO17: =ROUND((BG17/100)*BE17,2) -> 1.75 | BP17: =ROUND((BH17/100)*BE17,2) -> 3.18 | BQ17: =ROUND(SUM(BN17:BP17),2) -> 7.55 | BR17: =IF(OR(AND(X17="Mourões", BQ17>=6.5),AND(X17="Postes", BQ17>=9.6),AND(X17="Dormentes", BQ17>=9.6),AND(X17="Estacas", BQ17>=6.5),AND(X17="Cruzetas", BQ17>=6.5),AND(X17="Outros - Solo", BQ17>=6.5),AND(X17="Outros - Suspenso",BQ17>=4),AND(X17="Deck",BQ17>=4)),'Listas suspensas'!$C$21,'Listas suspensas'!$C$22) -> Os resultados da análise química apresentaram uma retenção do produto de acordo com o padrão mínimo exigido pela norma ABNT NBR 16143
B18: UFV-M-17 | C18: Finalizada | F18: 45358 | G18: 45358 | H18: 45364 | I18: LiptosFlora | J18: Tangará da Serra | K18: MT | L18: Madeira | N18: CCA - C | O18: Bagueta | P18: Corymbia | Q18: Amostra 09 (Citriodoro) | X18: Mourões | Y18: =IF(X18='Listas suspensas'!$A$21,'Listas suspensas'!$B$23,IF(X18='Listas suspensas'!$A$22,'Listas suspensas'!$B$23,IF(X18='Listas suspensas'!$A$23,'Listas suspensas'!$B$22,IF(X18='Listas suspensas'!$A$26,'Listas suspensas'!$B$22,IF(X18='Listas suspensas'!$A$32,'Listas suspensas'!$B$22,IF(X18='Listas suspensas'!$A$33,'Listas suspensas'!$B$21,IF(X18='Listas suspensas'!$A$24,'Listas suspensas'!$B$22,IF(X18='Listas suspensas'!$A$30,'Listas suspensas'!$B$21,"")))))))) -> 6.5 | Z18: NBR 16143 | AA18: 1 | AB18: =IF(AA18='Listas suspensas'!$A$2,'Listas suspensas'!$B$2,IF(AA18='Listas suspensas'!$A$3,'Listas suspensas'!$B$3,IF(AA18='Listas suspensas'!$A$4,'Listas suspensas'!$B$4,IF(AA18='Listas suspensas'!$A$5,'Listas suspensas'!$B$5,IF(AA18='Listas suspensas'!$A$6,'Listas suspensas'!$B$6,""))))) -> Profunda e regular | AC18: =IF(AA18='Listas suspensas'!$A$2,'Listas suspensas'!$C$2,IF(AA18='Listas suspensas'!$A$3,'Listas suspensas'!$C$3,IF(AA18='Listas suspensas'!$A$4,'Listas suspensas'!$C$4,IF(AA18='Listas suspensas'!$A$5,'Listas suspensas'!$C$5,IF(AA18='Listas suspensas'!$A$6,'Listas suspensas'!$C$6,""))))) -> Indica a penetração profunda e uniforme em toda a extensão do alburno. | AK18: 11.31 | AL18: 11.17 | AM18: 11.74 | AN18: 11.44 | AO18: 11.38 | AP18: =AVERAGE(AK18:AO18)/10 -> 1.1408 | AQ18: 26.45 | AR18: 29.43 | AS18: 22.21 | AT18: 26.87 | AU18: 32.67 | AV18: =AVERAGE(AQ18:AU18)/10 -> 2.7526 | AW18: 2.179 | AX18: 2.431 | AY18: 1.727 | AZ18: 2.1584 | BA18: 2.6178 | BB18: =AVERAGE(AW18:BA18) -> 2.22264 | BC18: =PI()*(AP18/2)^2*AV18 -> 2.813533 | BE18: =(BB18/BC18)*1000 -> 789.98185 | BF18: 0.336 | BG18: 0.219 | BH18: 0.411 | BI18: =SUM(BF18:BH18) -> 0.966 | BJ18: 34.8 | BK18: 22.7 | BL18: 42.5 | BM18: =ROUND(SUM(BJ18:BL18),2) -> 100 | BN18: =ROUND((BF18/100)*BE18,2) -> 2.65 | BO18: =ROUND((BG18/100)*BE18,2) -> 1.73 | BP18: =ROUND((BH18/100)*BE18,2) -> 3.25 | BQ18: =ROUND(SUM(BN18:BP18),2) -> 7.63 | BR18: =IF(OR(AND(X18="Mourões", BQ18>=6.5),AND(X18="Postes", BQ18>=9.6),AND(X18="Dormentes", BQ18>=9.6),AND(X18="Estacas", BQ18>=6.5),AND(X18="Cruzetas", BQ18>=6.5),AND(X18="Outros - Solo", BQ18>=6.5),AND(X18="Outros - Suspenso",BQ18>=4),AND(X18="Deck",BQ18>=4)),'Listas suspensas'!$C$21,'Listas suspensas'!$C$22) -> Os resultados da análise química apresentaram uma retenção do produto de acordo com o padrão mínimo exigido pela norma ABNT NBR 16143
A19: 54888 | B19: UFV-M-18 | C19: Finalizada | D19: 39.861.262/0001-86 | F19: 45370 | G19: 45370 | H19: 45373 | I19: SC Madeiras LTDA | J19: Olhos D'Água | K19: MG | L19: Madeira | M19: scmadeira21@gmail.com | N19: CCA - C | O19: Torete | P19: Eucalyptus | Q19: Amostra 2 - 14x16 - 4,0 | X19: Mourões | Y19: =IF(X19='Listas suspensas'!$A$21,'Listas suspensas'!$B$23,IF(X19='Listas suspensas'!$A$22,'Listas suspensas'!$B$23,IF(X19='Listas suspensas'!$A$23,'Listas suspensas'!$B$22,IF(X19='Listas suspensas'!$A$26,'Listas suspensas'!$B$22,IF(X19='Listas suspensas'!$A$32,'Listas suspensas'!$B$22,IF(X19='Listas suspensas'!$A$33,'Listas suspensas'!$B$21,IF(X19='Listas suspensas'!$A$24,'Listas suspensas'!$B$22,IF(X19='Listas suspensas'!$A$30,'Listas suspensas'!$B$21,"")))))))) -> 6.5 | Z19: NBR 16143 | AA19: 4 | AB19: =IF(AA19='Listas suspensas'!$A$2,'Listas suspensas'!$B$2,IF(AA19='Listas suspensas'!$A$3,'Listas suspensas'!$B$3,IF(AA19='Listas suspensas'!$A$4,'Listas suspensas'!$B$4,IF(AA19='Listas suspensas'!$A$5,'Listas suspensas'!$B$5,IF(AA19='Listas suspensas'!$A$6,'Listas suspensas'!$B$6,""))))) -> Parcial e irregular | AC19: =IF(AA19='Listas suspensas'!$A$2,'Listas suspensas'!$C$2,IF(AA19='Listas suspensas'!$A$3,'Listas suspensas'!$C$3,IF(AA19='Listas suspensas'!$A$4,'Listas suspensas'!$C$4,IF(AA19='Listas suspensas'!$A$5,'Listas suspensas'!$C$5,IF(AA19='Listas suspensas'!$A$6,'Listas suspensas'!$C$6,""))))) -> Indica a penetração desuniforme e não total pela extensão do alburno. | AK19: 11.42 | AL19: 11.56 | AM19: 11.57 | AN19: 11.25 | AO19: 11.5 | AP19: =AVERAGE(AK19:AO19)/10 -> 1.146 | AQ19: 11.68 | AR19: 11.42 | AS19: 12.34 | AT19: 11.44 | AU19: 13.66 | AV19: =AVERAGE(AQ19:AU19)/10 -> 1.2108 | AW19: 1.0616 | AX19: 1.0277 | AY19: 1.112 | AZ19: 0.9603 | BA19: 1.198 | BB19: =AVERAGE(AW19:BA19) -> 1.07192 | BC19: =PI()*(AP19/2)^2*AV19 -> 1.2489111 | BE19: =(BB19/BC19)*1000 -> 858.28366 | BF19: 0.152 | BG19: 0.068 | BH19: 0.101 | BI19: =SUM(BF19:BH19) -> 0.321 | BJ19: 47.4 | BK19: 21.2 | BL19: 31.4 | BM19: =ROUND(SUM(BJ19:BL19),2) -> 100 | BN19: =ROUND((BF19/100)*BE19,2) -> 1.3 | BO19: =ROUND((BG19/100)*BE19,2) -> 0.58 | BP19: =ROUND((BH19/100)*BE19,2) -> 0.87 | BQ19: =ROUND(SUM(BN19:BP19),2) -> 2.75 | BR19: =IF(OR(AND(X19="Mourões", BQ19>=6.5),AND(X19="Postes", BQ19>=9.6),AND(X19="Dormentes", BQ19>=9.6),AND(X19="Estacas", BQ19>=6.5),AND(X19="Cruzetas", BQ19>=6.5),AND(X19="Outros - Solo", BQ19>=6.5),AND(X19="Outros - Suspenso",BQ19>=4),AND(X19="Deck",BQ19>=4)),'Listas suspensas'!$C$21,'Listas suspensas'!$C$22) -> Os resultados da análise química apresentaram uma retenção do produto inferior ao padrão mínimo exigido pela norma ABNT NBR 16143
A20: 54888 | B20: UFV-M-19 | C20: Finalizada | D20: 39.861.262/0001-86 | F20: 45370 | G20: 45370 | H20: 45376 | I20: SC Madeiras LTDA | J20: Olhos D'Água | K20: MG | L20: Madeira | M20: scmadeira21@gmail.com | N20: CCA - C | O20: Torete | P20: Eucalyptus | Q20: Amostra 3 - 08x10 - 3,0m | X20: Mourões | Y20: =IF(X20='Listas suspensas'!$A$21,'Listas suspensas'!$B$23,IF(X20='Listas suspensas'!$A$22,'Listas suspensas'!$B$23,IF(X20='Listas suspensas'!$A$23,'Listas suspensas'!$B$22,IF(X20='Listas suspensas'!$A$26,'Listas suspensas'!$B$22,IF(X20='Listas suspensas'!$A$32,'Listas suspensas'!$B$22,IF(X20='Listas suspensas'!$A$33,'Listas suspensas'!$B$21,IF(X20='Listas suspensas'!$A$24,'Listas suspensas'!$B$22,IF(X20='Listas suspensas'!$A$30,'Listas suspensas'!$B$21,"")))))))) -> 6.5 | Z20: NBR 16143 | AA20: 2 | AB20: =IF(AA20='Listas suspensas'!$A$2,'Listas suspensas'!$B$2,IF(AA20='Listas suspensas'!$A$3,'Listas suspensas'!$B$3,IF(AA20='Listas suspensas'!$A$4,'Listas suspensas'!$B$4,IF(AA20='Listas suspensas'!$A$5,'Listas suspensas'!$B$5,IF(AA20='Listas suspensas'!$A$6,'Listas suspensas'!$B$6,""))))) -> Profunda e irregular | AC20: =IF(AA20='Listas suspensas'!$A$2,'Listas suspensas'!$C$2,IF(AA20='Listas suspensas'!$A$3,'Listas suspensas'!$C$3,IF(AA20='Listas suspensas'!$A$4,'Listas suspensas'!$C$4,IF(AA20='Listas suspensas'!$A$5,'Listas suspensas'!$C$5,IF(AA20='Listas suspensas'!$A$6,'Listas suspensas'!$C$6,""))))) -> Indica a penetração profunda, mas desuniforme em toda a extensão do alburno. | AK20: 11.54 | AL20: 11.44 | AM20: 11.6 | AN20: 11.7 | AO20: 11.2 | AP20: =AVERAGE(AK20:AO20)/10 -> 1.1496 | AQ20: 9.83 | AR20: 9.73 | AS20: 8.79 | AT20: 11.33 | AU20: 8.58 | AV20: =AVERAGE(AQ20:AU20)/10 -> 0.9652 | AW20: 0.743 | AX20: 0.7391 | AY20: 0.6841 | AZ20: 0.9109 | BA20: 0.6995 | BB20: =AVERAGE(AW20:BA20) -> 0.75532 | BC20: =PI()*(AP20/2)^2*AV20 -> 1.0018454 | BE20: =(BB20/BC20)*1000 -> 753.92871 | BF20: 0.241 | BG20: 0.123 | BH20: 0.215 | BI20: =SUM(BF20:BH20) -> 0.579 | BJ20: 41.7 | BK20: 21.2 | BL20: 37.1 | BM20: =ROUND(SUM(BJ20:BL20),2) -> 100 | BN20: =ROUND((BF20/100)*BE20,2) -> 1.82 | BO20: =ROUND((BG20/100)*BE20,2) -> 0.93 | BP20: =ROUND((BH20/100)*BE20,2) -> 1.62 | BQ20: =ROUND(SUM(BN20:BP20),2) -> 4.37 | BR20: =IF(OR(AND(X20="Mourões", BQ20>=6.5),AND(X20="Postes", BQ20>=9.6),AND(X20="Dormentes", BQ20>=9.6),AND(X20="Estacas", BQ20>=6.5),AND(X20="Cruzetas", BQ20>=6.5),AND(X20="Outros - Solo", BQ20>=6.5),AND(X20="Outros - Suspenso",BQ20>=4),AND(X20="Deck",BQ20>=4)),'Listas suspensas'!$C$21,'Listas suspensas'!$C$22) -> Os resultados da análise química apresentaram uma retenção do produto inferior ao padrão mínimo exigido pela norma ABNT NBR 16143
A21: 54888 | B21: UFV-M-20 | C21: Finalizada | D21: 39.861.262/0001-86 | F21: 45370 | G21: 45370 | H21: 45376 | I21: SC Madeiras LTDA | J21: Olhos D'Água | K21: MG | L21: Madeira | M21: scmadeira21@gmail.com | N21: CCA - C | O21: Torete | P21: Eucalyptus | Q21: Amostra 4 - 12x14 - 8,0m | X21: Mourões | Y21: =IF(X21='Listas suspensas'!$A$21,'Listas suspensas'!$B$23,IF(X21='Listas suspensas'!$A$22,'Listas suspensas'!$B$23,IF(X21='Listas suspensas'!$A$23,'Listas suspensas'!$B$22,IF(X21='Listas suspensas'!$A$26,'Listas suspensas'!$B$22,IF(X21='Listas suspensas'!$A$32,'Listas suspensas'!$B$22,IF(X21='Listas suspensas'!$A$33,'Listas suspensas'!$B$21,IF(X21='Listas suspensas'!$A$24,'Listas suspensas'!$B$22,IF(X21='Listas suspensas'!$A$30,'Listas suspensas'!$B$21,"")))))))) -> 6.5 | Z21: NBR 16143 | AA21: 2 | AB21: =IF(AA21='Listas suspensas'!$A$2,'Listas suspensas'!$B$2,IF(AA21='Listas suspensas'!$A$3,'Listas suspensas'!$B$3,IF(AA21='Listas suspensas'!$A$4,'Listas suspensas'!$B$4,IF(AA21='Listas suspensas'!$A$5,'Listas suspensas'!$B$5,IF(AA21='Listas suspensas'!$A$6,'Listas suspensas'!$B$6,""))))) -> Profunda e irregular | AC21: =IF(AA21='Listas suspensas'!$A$2,'Listas suspensas'!$C$2,IF(AA21='Listas suspensas'!$A$3,'Listas suspensas'!$C$3,IF(AA21='Listas suspensas'!$A$4,'Listas suspensas'!$C$4,IF(AA21='Listas suspensas'!$A$5,'Listas suspensas'!$C$5,IF(AA21='Listas suspensas'!$A$6,'Listas suspensas'!$C$6,""))))) -> Indica a penetração profunda, mas desuniforme em toda a extensão do alburno. | AK21: 11.25 | AL21: 11.36 | AM21: 11.35 | AN21: 11.38 | AO21: 11.37 | AP21: =AVERAGE(AK21:AO21)/10 -> 1.1342 | AQ21: 8.36 | AR21: 6.41 | AS21: 7.23 | AT21: 9.96 | AU21: 10.84 | AV21: =AVERAGE(AQ21:AU21)/10 -> 0.856 | AW21: 0.6146 | AX21: 0.5056 | AY21: 0.5582 | AZ21: 0.804 | BA21: 0.8768 | BB21: =AVERAGE(AW21:BA21) -> 0.67184 | BC21: =PI()*(AP21/2)^2*AV21 -> 0.86485427 | BE21: =(BB21/BC21)*1000 -> 776.82452 | BF21: 0.261 | BG21: 0.125 | BH21: 0.222 | BI21: =SUM(BF21:BH21) -> 0.608 | BJ21: 43 | BK21: 20.5 | BL21: 36.5 | BM21: =ROUND(SUM(BJ21:BL21),2) -> 100 | BN21: =ROUND((BF21/100)*BE21,2) -> 2.03 | BO21: =ROUND((BG21/100)*BE21,2) -> 0.97 | BP21: =ROUND((BH21/100)*BE21,2) -> 1.72 | BQ21: =ROUND(SUM(BN21:BP21),2) -> 4.72 | BR21: =IF(OR(AND(X21="Mourões", BQ21>=6.5),AND(X21="Postes", BQ21>=9.6),AND(X21="Dormentes", BQ21>=9.6),AND(X21="Estacas", BQ21>=6.5),AND(X21="Cruzetas", BQ21>=6.5),AND(X21="Outros - Solo", BQ21>=6.5),AND(X21="Outros - Suspenso",BQ21>=4),AND(X21="Deck",BQ21>=4)),'Listas suspensas'!$C$21,'Listas suspensas'!$C$22) -> Os resultados da análise química apresentaram uma retenção do produto inferior ao padrão mínimo exigido pela norma ABNT NBR 16143
B22: UFV-M-21 | C22: Finalizada | D22: 03.676.002/0001-93 | F22: 45371 | G22: 45372 | H22: 45376 | I22: Madtrat | J22: Santa Cruz do Rio Pardo | K22: SP | L22: Madeira | M22: qualidade@madtrat.com.br | N22: CCA - C | O22: Bagueta | P22: E. urophylla | Q22: VCS0002 | X22: Mourões | Y22: =IF(X22='Listas suspensas'!$A$21,'Listas suspensas'!$B$23,IF(X22='Listas suspensas'!$A$22,'Listas suspensas'!$B$23,IF(X22='Listas suspensas'!$A$23,'Listas suspensas'!$B$22,IF(X22='Listas suspensas'!$A$26,'Listas suspensas'!$B$22,IF(X22='Listas suspensas'!$A$32,'Listas suspensas'!$B$22,IF(X22='Listas suspensas'!$A$33,'Listas suspensas'!$B$21,IF(X22='Listas suspensas'!$A$24,'Listas suspensas'!$B$22,IF(X22='Listas suspensas'!$A$30,'Listas suspensas'!$B$21,"")))))))) -> 6.5 | Z22: NBR 16143 | AA22: 1 | AB22: =IF(AA22='Listas suspensas'!$A$2,'Listas suspensas'!$B$2,IF(AA22='Listas suspensas'!$A$3,'Listas suspensas'!$B$3,IF(AA22='Listas suspensas'!$A$4,'Listas suspensas'!$B$4,IF(AA22='Listas suspensas'!$A$5,'Listas suspensas'!$B$5,IF(AA22='Listas suspensas'!$A$6,'Listas suspensas'!$B$6,""))))) -> Profunda e regular | AC22: =IF(AA22='Listas suspensas'!$A$2,'Listas suspensas'!$C$2,IF(AA22='Listas suspensas'!$A$3,'Listas suspensas'!$C$3,IF(AA22='Listas suspensas'!$A$4,'Listas suspensas'!$C$4,IF(AA22='Listas suspensas'!$A$5,'Listas suspensas'!$C$5,IF(AA22='Listas suspensas'!$A$6,'Listas suspensas'!$C$6,""))))) -> Indica a penetração profunda e uniforme em toda a extensão do alburno. | AK22: 11.07 | AL22: 11.12 | AM22: 11.83 | AN22: 10.89 | AO22: 11.03 | AP22: =AVERAGE(AK22:AO22)/10 -> 1.1188 | AQ22: 21.54 | AR22: 21.85 | AS22: 26.06 | AT22: 21.06 | AU22: 21.29 | AV22: =AVERAGE(AQ22:AU22)/10 -> 2.236 | AW22: 1.9721 | AX22: 2.0097 | AY22: 2.4729 | AZ22: 1.9235 | BA22: 1.9341 | BB22: =AVERAGE(AW22:BA22) -> 2.06246 | BC22: =PI()*(AP22/2)^2*AV22 -> 2.1981969 | BE22: =(BB22/BC22)*1000 -> 938.25079 | BF22: 0.248 | BG22: 0.129 | BH22: 0.264 | BI22: =SUM(BF22:BH22) -> 0.641 | BJ22: 38.7 | BK22: 20.2 | BL22: 41.1 | BM22: =ROUND(SUM(BJ22:BL22),2) -> 100 | BN22: =ROUND((BF22/100)*BE22,2) -> 2.33 | BO22: =ROUND((BG22/100)*BE22,2) -> 1.21 | BP22: =ROUND((BH22/100)*BE22,2) -> 2.48 | BQ22: =ROUND(SUM(BN22:BP22),2) -> 6.02 | BR22: =IF(OR(AND(X22="Mourões", BQ22>=6.5),AND(X22="Postes", BQ22>=9.6),AND(X22="Dormentes", BQ22>=9.6),AND(X22="Estacas", BQ22>=6.5),AND(X22="Cruzetas", BQ22>=6.5),AND(X22="Outros - Solo", BQ22>=6.5),AND(X22="Outros - Suspenso",BQ22>=4),AND(X22="Deck",BQ22>=4)),'Listas suspensas'!$C$21,'Listas suspensas'!$C$22) -> Os resultados da análise química apresentaram uma retenção do produto inferior ao padrão mínimo exigido pela norma ABNT NBR 16143
B23: UFV-M-22 | C23: Finalizada | F23: 45377 | G23: 45377 | H23: 45383 | I23: Lagoão Tratamento de Madeira Eirelli | J23: Araranguá | K23: SC | L23: Madeira | M23: tratasul@yahoo.com.br | N23: CCA - C | O23: Torete | P23: Sem identificação | Q23: Amostra 01 - 4x6 | X23: Mourões | Y23: =IF(X23='Listas suspensas'!$A$21,'Listas suspensas'!$B$23,IF(X23='Listas suspensas'!$A$22,'Listas suspensas'!$B$23,IF(X23='Listas suspensas'!$A$23,'Listas suspensas'!$B$22,IF(X23='Listas suspensas'!$A$26,'Listas suspensas'!$B$22,IF(X23='Listas suspensas'!$A$32,'Listas suspensas'!$B$22,IF(X23='Listas suspensas'!$A$33,'Listas suspensas'!$B$21,IF(X23='Listas suspensas'!$A$24,'Listas suspensas'!$B$22,IF(X23='Listas suspensas'!$A$30,'Listas suspensas'!$B$21,"")))))))) -> 6.5 | Z23: NBR 16143 | AA23: 1 | AB23: =IF(AA23='Listas suspensas'!$A$2,'Listas suspensas'!$B$2,IF(AA23='Listas suspensas'!$A$3,'Listas suspensas'!$B$3,IF(AA23='Listas suspensas'!$A$4,'Listas suspensas'!$B$4,IF(AA23='Listas suspensas'!$A$5,'Listas suspensas'!$B$5,IF(AA23='Listas suspensas'!$A$6,'Listas suspensas'!$B$6,""))))) -> Profunda e regular | AC23: =IF(AA23='Listas suspensas'!$A$2,'Listas suspensas'!$C$2,IF(AA23='Listas suspensas'!$A$3,'Listas suspensas'!$C$3,IF(AA23='Listas suspensas'!$A$4,'Listas suspensas'!$C$4,IF(AA23='Listas suspensas'!$A$5,'Listas suspensas'!$C$5,IF(AA23='Listas suspensas'!$A$6,'Listas suspensas'!$C$6,""))))) -> Indica a penetração profunda e uniforme em toda a extensão do alburno. | AK23: 11.92 | AL23: 11.82 | AM23: 11.56 | AN23: 11.81 | AO23: 11.96 | AP23: =AVERAGE(AK23:AO23)/10 -> 1.1814 | AQ23: 8.89 | AR23: 12.08 | AS23: 20.32 | AT23: 15.24 | AU23: 13.76 | AV23: =AVERAGE(AQ23:AU23)/10 -> 1.4058 | AW23: 0.4183 | AX23: 0.6039 | AY23: 0.9759 | AZ23: 0.7573 | BA23: 0.683 | BB23: =AVERAGE(AW23:BA23) -> 0.68768 | BC23: =PI()*(AP23/2)^2*AV23 -> 1.5410167 | BE23: =(BB23/BC23)*1000 -> 446.25083 | BF23: 1.617 | BG23: 0.308 | BH23: 0.944 | BI23: =SUM(BF23:BH23) -> 2.869 | BJ23: 56.4 | BK23: 10.7 | BL23: 32.9 | BM23: =ROUND(SUM(BJ23:BL23),2) -> 100 | BN23: =ROUND((BF23/100)*BE23,2) -> 7.22 | BO23: =ROUND((BG23/100)*BE23,2) -> 1.37 | BP23: =ROUND((BH23/100)*BE23,2) -> 4.21 | BQ23: =ROUND(SUM(BN23:BP23),2) -> 12.8 | BR23: =IF(OR(AND(X23="Mourões", BQ23>=6.5),AND(X23="Postes", BQ23>=9.6),AND(X23="Dormentes", BQ23>=9.6),AND(X23="Estacas", BQ23>=6.5),AND(X23="Cruzetas", BQ23>=6.5),AND(X23="Outros - Solo", BQ23>=6.5),AND(X23="Outros - Suspenso",BQ23>=4),AND(X23="Deck",BQ23>=4)),'Listas suspensas'!$C$21,'Listas suspensas'!$C$22) -> Os resultados da análise química apresentaram uma retenção do produto de acordo com o padrão mínimo exigido pela norma ABNT NBR 16143
B24: UFV-M-23 | C24: Finalizada | F24: 45377 | G24: 45377 | H24: 45383 | I24: Lagoão Tratamento de Madeira Eirelli | J24: Araranguá | K24: SC | L24: Madeira | M24: tratasul@yahoo.com.br | N24: CCA - C | O24: Torete | P24: Sem identificação | Q24: Amostra 02 - 8x10 | X24: Mourões | Y24: =IF(X24='Listas suspensas'!$A$21,'Listas suspensas'!$B$23,IF(X24='Listas suspensas'!$A$22,'Listas suspensas'!$B$23,IF(X24='Listas suspensas'!$A$23,'Listas suspensas'!$B$22,IF(X24='Listas suspensas'!$A$26,'Listas suspensas'!$B$22,IF(X24='Listas suspensas'!$A$32,'Listas suspensas'!$B$22,IF(X24='Listas suspensas'!$A$33,'Listas suspensas'!$B$21,IF(X24='Listas suspensas'!$A$24,'Listas suspensas'!$B$22,IF(X24='Listas suspensas'!$A$30,'Listas suspensas'!$B$21,"")))))))) -> 6.5 | Z24: NBR 16143 | AA24: 1 | AB24: =IF(AA24='Listas suspensas'!$A$2,'Listas suspensas'!$B$2,IF(AA24='Listas suspensas'!$A$3,'Listas suspensas'!$B$3,IF(AA24='Listas suspensas'!$A$4,'Listas suspensas'!$B$4,IF(AA24='Listas suspensas'!$A$5,'Listas suspensas'!$B$5,IF(AA24='Listas suspensas'!$A$6,'Listas suspensas'!$B$6,""))))) -> Profunda e regular | AC24: =IF(AA24='Listas suspensas'!$A$2,'Listas suspensas'!$C$2,IF(AA24='Listas suspensas'!$A$3,'Listas suspensas'!$C$3,IF(AA24='Listas suspensas'!$A$4,'Listas suspensas'!$C$4,IF(AA24='Listas suspensas'!$A$5,'Listas suspensas'!$C$5,IF(AA24='Listas suspensas'!$A$6,'Listas suspensas'!$C$6,""))))) -> Indica a penetração profunda e uniforme em toda a extensão do alburno. | AK24: 11.33 | AL24: 11.16 | AM24: 11.94 | AN24: 10.91 | AO24: 11.2 | AP24: =AVERAGE(AK24:AO24)/10 -> 1.1308 | AQ24: 8.93 | AR24: 8.11 | AS24: 9.31 | AT24: 14.46 | AU24: 12.59 | AV24: =AVERAGE(AQ24:AU24)/10 -> 1.068 | AW24: 0.5661 | AX24: 0.4716 | AY24: 0.6105 | AZ24: 0.8997 | BA24: 0.7938 | BB24: =AVERAGE(AW24:BA24) -> 0.66834 | BC24: =PI()*(AP24/2)^2*AV24 -> 1.0725875 | BE24: =(BB24/BC24)*1000 -> 623.11 | BF24: 0.692 | BG24: 0.167 | BH24: 0.527 | BI24: =SUM(BF24:BH24) -> 1.386 | BJ24: 49.9 | BK24: 12.1 | BL24: 38 | BM24: =ROUND(SUM(BJ24:BL24),2) -> 100 | BN24: =ROUND((BF24/100)*BE24,2) -> 4.31 | BO24: =ROUND((BG24/100)*BE24,2) -> 1.04 | BP24: =ROUND((BH24/100)*BE24,2) -> 3.28 | BQ24: =ROUND(SUM(BN24:BP24),2) -> 8.63 | BR24: =IF(OR(AND(X24="Mourões", BQ24>=6.5),AND(X24="Postes", BQ24>=9.6),AND(X24="Dormentes", BQ24>=9.6),AND(X24="Estacas", BQ24>=6.5),AND(X24="Cruzetas", BQ24>=6.5),AND(X24="Outros - Solo", BQ24>=6.5),AND(X24="Outros - Suspenso",BQ24>=4),AND(X24="Deck",BQ24>=4)),'Listas suspensas'!$C$21,'Listas suspensas'!$C$22) -> Os resultados da análise química apresentaram uma retenção do produto de acordo com o padrão mínimo exigido pela norma ABNT NBR 16143
B25: UFV-M-24 | C25: Finalizada | F25: 45377 | G25: 45377 | H25: 45383 | I25: Lagoão Tratamento de Madeira Eirelli | J25: Araranguá | K25: SC | L25: Madeira | M25: tratasul@yahoo.com.br | N25: CCA - C | O25: Torete | P25: Sem identificação | Q25: Amostra 03 - 10x12 | X25: Mourões | Y25: =IF(X25='Listas suspensas'!$A$21,'Listas suspensas'!$B$23,IF(X25='Listas suspensas'!$A$22,'Listas suspensas'!$B$23,IF(X25='Listas suspensas'!$A$23,'Listas suspensas'!$B$22,IF(X25='Listas suspensas'!$A$26,'Listas suspensas'!$B$22,IF(X25='Listas suspensas'!$A$32,'Listas suspensas'!$B$22,IF(X25='Listas suspensas'!$A$33,'Listas suspensas'!$B$21,IF(X25='Listas suspensas'!$A$24,'Listas suspensas'!$B$22,IF(X25='Listas suspensas'!$A$30,'Listas suspensas'!$B$21,"")))))))) -> 6.5 | Z25: NBR 16143 | AA25: 1 | AB25: =IF(AA25='Listas suspensas'!$A$2,'Listas suspensas'!$B$2,IF(AA25='Listas suspensas'!$A$3,'Listas suspensas'!$B$3,IF(AA25='Listas suspensas'!$A$4,'Listas suspensas'!$B$4,IF(AA25='Listas suspensas'!$A$5,'Listas suspensas'!$B$5,IF(AA25='Listas suspensas'!$A$6,'Listas suspensas'!$B$6,""))))) -> Profunda e regular | AC25: =IF(AA25='Listas suspensas'!$A$2,'Listas suspensas'!$C$2,IF(AA25='Listas suspensas'!$A$3,'Listas suspensas'!$C$3,IF(AA25='Listas suspensas'!$A$4,'Listas suspensas'!$C$4,IF(AA25='Listas suspensas'!$A$5,'Listas suspensas'!$C$5,IF(AA25='Listas suspensas'!$A$6,'Listas suspensas'!$C$6,""))))) -> Indica a penetração profunda e uniforme em toda a extensão do alburno. | AK25: 11.96 | AL25: 11.44 | AM25: 11.72 | AN25: 11.62 | AO25: 11.78 | AP25: =AVERAGE(AK25:AO25)/10 -> 1.1704 | AQ25: 13.4 | AR25: 18.1 | AS25: 19.08 | AT25: 9.68 | AU25: 20.5 | AV25: =AVERAGE(AQ25:AU25)/10 -> 1.6152 | AW25: 0.5813 | AX25: 0.8206 | AY25: 0.9028 | AZ25: 0.4684 | BA25: 0.9227 | BB25: =AVERAGE(AW25:BA25) -> 0.73916 | BC25: =PI()*(AP25/2)^2*AV25 -> 1.7377401 | BE25: =(BB25/BC25)*1000 -> 425.35706 | BF25: 0.951 | BG25: 0.215 | BH25: 0.569 | BI25: =SUM(BF25:BH25) -> 1.735 | BJ25: 54.8 | BK25: 12.4 | BL25: 32.8 | BM25: =ROUND(SUM(BJ25:BL25),2) -> 100 | BN25: =ROUND((BF25/100)*BE25,2) -> 4.05 | BO25: =ROUND((BG25/100)*BE25,2) -> 0.91 | BP25: =ROUND((BH25/100)*BE25,2) -> 2.42 | BQ25: =ROUND(SUM(BN25:BP25),2) -> 7.38 | BR25: =IF(OR(AND(X25="Mourões", BQ25>=6.5),AND(X25="Postes", BQ25>=9.6),AND(X25="Dormentes", BQ25>=9.6),AND(X25="Estacas", BQ25>=6.5),AND(X25="Cruzetas", BQ25>=6.5),AND(X25="Outros - Solo", BQ25>=6.5),AND(X25="Outros - Suspenso",BQ25>=4),AND(X25="Deck",BQ25>=4)),'Listas suspensas'!$C$21,'Listas suspensas'!$C$22) -> Os resultados da análise química apresentaram uma retenção do produto de acordo com o padrão mínimo exigido pela norma ABNT NBR 16143
B26: UFV-M-25 | C26: Finalizada | F26: 45377 | G26: 45377 | H26: 45383 | I26: Lagoão Tratamento de Madeira Eirelli | J26: Araranguá | K26: SC | L26: Madeira | M26: tratasul@yahoo.com.br | N26: CCA - C | O26: Torete | P26: Sem identificação | Q26: Amostra 04 - 10x12 | X26: Mourões | Y26: =IF(X26='Listas suspensas'!$A$21,'Listas suspensas'!$B$23,IF(X26='Listas suspensas'!$A$22,'Listas suspensas'!$B$23,IF(X26='Listas suspensas'!$A$23,'Listas suspensas'!$B$22,IF(X26='Listas suspensas'!$A$26,'Listas suspensas'!$B$22,IF(X26='Listas suspensas'!$A$32,'Listas suspensas'!$B$22,IF(X26='Listas suspensas'!$A$33,'Listas suspensas'!$B$21,IF(X26='Listas suspensas'!$A$24,'Listas suspensas'!$B$22,IF(X26='Listas suspensas'!$A$30,'Listas suspensas'!$B$21,"")))))))) -> 6.5 | Z26: NBR 16143 | AA26: 1 | AB26: =IF(AA26='Listas suspensas'!$A$2,'Listas suspensas'!$B$2,IF(AA26='Listas suspensas'!$A$3,'Listas suspensas'!$B$3,IF(AA26='Listas suspensas'!$A$4,'Listas suspensas'!$B$4,IF(AA26='Listas suspensas'!$A$5,'Listas suspensas'!$B$5,IF(AA26='Listas suspensas'!$A$6,'Listas suspensas'!$B$6,""))))) -> Profunda e regular | AC26: =IF(AA26='Listas suspensas'!$A$2,'Listas suspensas'!$C$2,IF(AA26='Listas suspensas'!$A$3,'Listas suspensas'!$C$3,IF(AA26='Listas suspensas'!$A$4,'Listas suspensas'!$C$4,IF(AA26='Listas suspensas'!$A$5,'Listas suspensas'!$C$5,IF(AA26='Listas suspensas'!$A$6,'Listas suspensas'!$C$6,""))))) -> Indica a penetração profunda e uniforme em toda a extensão do alburno. | AK26: 11.94 | AL26: 11.82 | AM26: 11.97 | AN26: 11.52 | AO26: 11.93 | AP26: =AVERAGE(AK26:AO26)/10 -> 1.1836 | AQ26: 11.03 | AR26: 14.64 | AS26: 15.26 | AT26: 16.06 | AU26: 10.05 | AV26: =AVERAGE(AQ26:AU26)/10 -> 1.3408 | AW26: 0.7113 | AX26: 0.8829 | AY26: 0.9201 | AZ26: 0.9064 | BA26: 0.6367 | BB26: =AVERAGE(AW26:BA26) -> 0.81148 | BC26: =PI()*(AP26/2)^2*AV26 -> 1.4752438 | BE26: =(BB26/BC26)*1000 -> 550.06502 | BF26: 0.642 | BG26: 0.107 | BH26: 0.435 | BI26: =SUM(BF26:BH26) -> 1.184 | BJ26: 54.3 | BK26: 9 | BL26: 36.7 | BM26: =ROUND(SUM(BJ26:BL26),2) -> 100 | BN26: =ROUND((BF26/100)*BE26,2) -> 3.53 | BO26: =ROUND((BG26/100)*BE26,2) -> 0.59 | BP26: =ROUND((BH26/100)*BE26,2) -> 2.39 | BQ26: =ROUND(SUM(BN26:BP26),2) -> 6.51 | BR26: =IF(OR(AND(X26="Mourões", BQ26>=6.5),AND(X26="Postes", BQ26>=9.6),AND(X26="Dormentes", BQ26>=9.6),AND(X26="Estacas", BQ26>=6.5),AND(X26="Cruzetas", BQ26>=6.5),AND(X26="Outros - Solo", BQ26>=6.5),AND(X26="Outros - Suspenso",BQ26>=4),AND(X26="Deck",BQ26>=4)),'Listas suspensas'!$C$21,'Listas suspensas'!$C$22) -> Os resultados da análise química apresentaram uma retenção do produto de acordo com o padrão mínimo exigido pela norma ABNT NBR 16143
B27: UFV-M-26 | C27: Finalizada | F27: 45377 | G27: 45377 | H27: 45383 | I27: Lagoão Tratamento de Madeira Eirelli | J27: Araranguá | K27: SC | L27: Madeira | M27: tratasul@yahoo.com.br | N27: CCA - C | O27: Torete | P27: Sem identificação | Q27: Amostra 05 - 10x12 | X27: Mourões | Y27: =IF(X27='Listas suspensas'!$A$21,'Listas suspensas'!$B$23,IF(X27='Listas suspensas'!$A$22,'Listas suspensas'!$B$23,IF(X27='Listas suspensas'!$A$23,'Listas suspensas'!$B$22,IF(X27='Listas suspensas'!$A$26,'Listas suspensas'!$B$22,IF(X27='Listas suspensas'!$A$32,'Listas suspensas'!$B$22,IF(X27='Listas suspensas'!$A$33,'Listas suspensas'!$B$21,IF(X27='Listas suspensas'!$A$24,'Listas suspensas'!$B$22,IF(X27='Listas suspensas'!$A$30,'Listas suspensas'!$B$21,"")))))))) -> 6.5 | Z27: NBR 16143 | AA27: 1 | AB27: =IF(AA27='Listas suspensas'!$A$2,'Listas suspensas'!$B$2,IF(AA27='Listas suspensas'!$A$3,'Listas suspensas'!$B$3,IF(AA27='Listas suspensas'!$A$4,'Listas suspensas'!$B$4,IF(AA27='Listas suspensas'!$A$5,'Listas suspensas'!$B$5,IF(AA27='Listas suspensas'!$A$6,'Listas suspensas'!$B$6,""))))) -> Profunda e regular | AC27: =IF(AA27='Listas suspensas'!$A$2,'Listas suspensas'!$C$2,IF(AA27='Listas suspensas'!$A$3,'Listas suspensas'!$C$3,IF(AA27='Listas suspensas'!$A$4,'Listas suspensas'!$C$4,IF(AA27='Listas suspensas'!$A$5,'Listas suspensas'!$C$5,IF(AA27='Listas suspensas'!$A$6,'Listas suspensas'!$C$6,""))))) -> Indica a penetração profunda e uniforme em toda a extensão do alburno. | AK27: 11.72 | AL27: 11.7 | AM27: 11.88 | AN27: 11.53 | AO27: 11.93 | AP27: =AVERAGE(AK27:AO27)/10 -> 1.1752 | AQ27: 14.21 | AR27: 13.48 | AS27: 13.31 | AT27: 14.32 | AU27: 13.84 | AV27: =AVERAGE(AQ27:AU27)/10 -> 1.3832 | AW27: 0.7141 | AX27: 0.6824 | AY27: 0.7733 | AZ27: 0.6775 | BA27: 0.7361 | BB27: =AVERAGE(AW27:BA27) -> 0.71668 | BC27: =PI()*(AP27/2)^2*AV27 -> 1.5003702 | BE27: =(BB27/BC27)*1000 -> 477.66878 | BF27: 1.431 | BG27: 0.27 | BH27: 0.865 | BI27: =SUM(BF27:BH27) -> 2.566 | BJ27: 55.8 | BK27: 10.5 | BL27: 33.7 | BM27: =ROUND(SUM(BJ27:BL27),2) -> 100 | BN27: =ROUND((BF27/100)*BE27,2) -> 6.84 | BO27: =ROUND((BG27/100)*BE27,2) -> 1.29 | BP27: =ROUND((BH27/100)*BE27,2) -> 4.13 | BQ27: =ROUND(SUM(BN27:BP27),2) -> 12.26 | BR27: =IF(OR(AND(X27="Mourões", BQ27>=6.5),AND(X27="Postes", BQ27>=9.6),AND(X27="Dormentes", BQ27>=9.6),AND(X27="Estacas", BQ27>=6.5),AND(X27="Cruzetas", BQ27>=6.5),AND(X27="Outros - Solo", BQ27>=6.5),AND(X27="Outros - Suspenso",BQ27>=4),AND(X27="Deck",BQ27>=4)),'Listas suspensas'!$C$21,'Listas suspensas'!$C$22) -> Os resultados da análise química apresentaram uma retenção do produto de acordo com o padrão mínimo exigido pela norma ABNT NBR 16143
B28: UFV-M-27 | C28: Finalizada | F28: 45377 | G28: 45377 | H28: 45383 | I28: Lagoão Tratamento de Madeira Eirelli | J28: Araranguá | K28: SC | L28: Madeira | M28: tratasul@yahoo.com.br | N28: CCA - C | O28: Torete | P28: Sem identificação | Q28: Amostra 06 - 10x12 | X28: Mourões | Y28: =IF(X28='Listas suspensas'!$A$21,'Listas suspensas'!$B$23,IF(X28='Listas suspensas'!$A$22,'Listas suspensas'!$B$23,IF(X28='Listas suspensas'!$A$23,'Listas suspensas'!$B$22,IF(X28='Listas suspensas'!$A$26,'Listas suspensas'!$B$22,IF(X28='Listas suspensas'!$A$32,'Listas suspensas'!$B$22,IF(X28='Listas suspensas'!$A$33,'Listas suspensas'!$B$21,IF(X28='Listas suspensas'!$A$24,'Listas suspensas'!$B$22,IF(X28='Listas suspensas'!$A$30,'Listas suspensas'!$B$21,"")))))))) -> 6.5 | Z28: NBR 16143 | AA28: 1 | AB28: =IF(AA28='Listas suspensas'!$A$2,'Listas suspensas'!$B$2,IF(AA28='Listas suspensas'!$A$3,'Listas suspensas'!$B$3,IF(AA28='Listas suspensas'!$A$4,'Listas suspensas'!$B$4,IF(AA28='Listas suspensas'!$A$5,'Listas suspensas'!$B$5,IF(AA28='Listas suspensas'!$A$6,'Listas suspensas'!$B$6,""))))) -> Profunda e regular | AC28: =IF(AA28='Listas suspensas'!$A$2,'Listas suspensas'!$C$2,IF(AA28='Listas suspensas'!$A$3,'Listas suspensas'!$C$3,IF(AA28='Listas suspensas'!$A$4,'Listas suspensas'!$C$4,IF(AA28='Listas suspensas'!$A$5,'Listas suspensas'!$C$5,IF(AA28='Listas suspensas'!$A$6,'Listas suspensas'!$C$6,""))))) -> Indica a penetração profunda e uniforme em toda a extensão do alburno. | AK28: 11.79 | AL28: 11.95 | AM28: 11.91 | AN28: 11.91 | AO28: 11.98 | AP28: =AVERAGE(AK28:AO28)/10 -> 1.1908 | AQ28: 18.16 | AR28: 16.95 | AS28: 16.01 | AT28: 16.26 | AU28: 17.83 | AV28: =AVERAGE(AQ28:AU28)/10 -> 1.7042 | AW28: 0.9491 | AX28: 0.9094 | AY28: 0.8452 | AZ28: 1.0826 | BA28: 1.0945 | BB28: =AVERAGE(AW28:BA28) -> 0.97616 | BC28: =PI()*(AP28/2)^2*AV28 -> 1.8979645 | BE28: =(BB28/BC28)*1000 -> 514.31941 | BF28: 1.317 | BG28: 0.233 | BH28: 0.843 | BI28: =SUM(BF28:BH28) -> 2.393 | BJ28: 55.1 | BK28: 9.7 | BL28: 35.2 | BM28: =ROUND(SUM(BJ28:BL28),2) -> 100 | BN28: =ROUND((BF28/100)*BE28,2) -> 6.77 | BO28: =ROUND((BG28/100)*BE28,2) -> 1.2 | BP28: =ROUND((BH28/100)*BE28,2) -> 4.34 | BQ28: =ROUND(SUM(BN28:BP28),2) -> 12.31 | BR28: =IF(OR(AND(X28="Mourões", BQ28>=6.5),AND(X28="Postes", BQ28>=9.6),AND(X28="Dormentes", BQ28>=9.6),AND(X28="Estacas", BQ28>=6.5),AND(X28="Cruzetas", BQ28>=6.5),AND(X28="Outros - Solo", BQ28>=6.5),AND(X28="Outros - Suspenso",BQ28>=4),AND(X28="Deck",BQ28>=4)),'Listas suspensas'!$C$21,'Listas suspensas'!$C$22) -> Os resultados da análise química apresentaram uma retenção do produto de acordo com o padrão mínimo exigido pela norma ABNT NBR 16143
B29: UFV-M-28 | C29: Finalizada | F29: 45399 | G29: 45406 | H29: 45408 | I29: Lua Madeira Imunizada | J29: Nova União | K29: MG | L29: Madeira | M29: luamadeira@luamadeira.com.br | N29: CCA - C | O29: Torete | P29: Madeira nativa | Q29: I2 - 06 a 08 | X29: Dormentes | Y29: =IF(X29='Listas suspensas'!$A$21,'Listas suspensas'!$B$23,IF(X29='Listas suspensas'!$A$22,'Listas suspensas'!$B$23,IF(X29='Listas suspensas'!$A$23,'Listas suspensas'!$B$22,IF(X29='Listas suspensas'!$A$26,'Listas suspensas'!$B$22,IF(X29='Listas suspensas'!$A$32,'Listas suspensas'!$B$22,IF(X29='Listas suspensas'!$A$33,'Listas suspensas'!$B$21,IF(X29='Listas suspensas'!$A$24,'Listas suspensas'!$B$22,IF(X29='Listas suspensas'!$A$30,'Listas suspensas'!$B$21,"")))))))) -> 9.6 | Z29: NBR 16143 | AA29: 1 | AB29: =IF(AA29='Listas suspensas'!$A$2,'Listas suspensas'!$B$2,IF(AA29='Listas suspensas'!$A$3,'Listas suspensas'!$B$3,IF(AA29='Listas suspensas'!$A$4,'Listas suspensas'!$B$4,IF(AA29='Listas suspensas'!$A$5,'Listas suspensas'!$B$5,IF(AA29='Listas suspensas'!$A$6,'Listas suspensas'!$B$6,""))))) -> Profunda e regular | AC29: =IF(AA29='Listas suspensas'!$A$2,'Listas suspensas'!$C$2,IF(AA29='Listas suspensas'!$A$3,'Listas suspensas'!$C$3,IF(AA29='Listas suspensas'!$A$4,'Listas suspensas'!$C$4,IF(AA29='Listas suspensas'!$A$5,'Listas suspensas'!$C$5,IF(AA29='Listas suspensas'!$A$6,'Listas suspensas'!$C$6,""))))) -> Indica a penetração profunda e uniforme em toda a extensão do alburno. | AK29: 11.95 | AL29: 11.46 | AM29: 11.92 | AN29: 11.92 | AO29: 11.4 | AP29: =AVERAGE(AK29:AO29)/10 -> 1.173 | AQ29: 13.25 | AR29: 10.98 | AS29: 11.99 | AT29: 9.42 | AU29: 14.14 | AV29: =AVERAGE(AQ29:AU29)/10 -> 1.1956 | AW29: 1.2415 | AX29: 1.0425 | AY29: 1.1116 | AZ29: 0.89 | BA29: 1.2879 | BB29: =AVERAGE(AW29:BA29) -> 1.1147 | BC29: =PI()*(AP29/2)^2*AV29 -> 1.2920277 | BE29: =(BB29/BC29)*1000 -> 862.75243 | BF29: 0.905 | BG29: 0.335 | BH29: 0.661 | BI29: =SUM(BF29:BH29) -> 1.901 | BJ29: 47.6 | BK29: 17.6 | BL29: 34.8 | BM29: =ROUND(SUM(BJ29:BL29),2) -> 100 | BN29: =ROUND((BF29/100)*BE29,2) -> 7.81 | BO29: =ROUND((BG29/100)*BE29,2) -> 2.89 | BP29: =ROUND((BH29/100)*BE29,2) -> 5.7 | BQ29: =ROUND(SUM(BN29:BP29),2) -> 16.4 | BR29: =IF(OR(AND(X29="Mourões", BQ29>=6.5),AND(X29="Postes", BQ29>=9.6),AND(X29="Dormentes", BQ29>=9.6),AND(X29="Estacas", BQ29>=6.5),AND(X29="Cruzetas", BQ29>=6.5),AND(X29="Outros - Solo", BQ29>=6.5),AND(X29="Outros - Suspenso",BQ29>=4),AND(X29="Deck",BQ29>=4)),'Listas suspensas'!$C$21,'Listas suspensas'!$C$22) -> Os resultados da análise química apresentaram uma retenção do produto de acordo com o padrão mínimo exigido pela norma ABNT NBR 16143
B30: UFV-M-29 | C30: Finalizada | F30: 45399 | G30: 45406 | H30: 45408 | I30: Lua Madeira Imunizada | J30: Nova União | K30: MG | L30: Madeira | M30: luamadeira@luamadeira.com.br | N30: CCA - C | O30: Torete | P30: Madeira nativa | Q30: I3 - 08 a 10 | X30: Dormentes | Y30: =IF(X30='Listas suspensas'!$A$21,'Listas suspensas'!$B$23,IF(X30='Listas suspensas'!$A$22,'Listas suspensas'!$B$23,IF(X30='Listas suspensas'!$A$23,'Listas suspensas'!$B$22,IF(X30='Listas suspensas'!$A$26,'Listas suspensas'!$B$22,IF(X30='Listas suspensas'!$A$32,'Listas suspensas'!$B$22,IF(X30='Listas suspensas'!$A$33,'Listas suspensas'!$B$21,IF(X30='Listas suspensas'!$A$24,'Listas suspensas'!$B$22,IF(X30='Listas suspensas'!$A$30,'Listas suspensas'!$B$21,"")))))))) -> 9.6 | Z30: NBR 16143 | AA30: 2 | AB30: =IF(AA30='Listas suspensas'!$A$2,'Listas suspensas'!$B$2,IF(AA30='Listas suspensas'!$A$3,'Listas suspensas'!$B$3,IF(AA30='Listas suspensas'!$A$4,'Listas suspensas'!$B$4,IF(AA30='Listas suspensas'!$A$5,'Listas suspensas'!$B$5,IF(AA30='Listas suspensas'!$A$6,'Listas suspensas'!$B$6,""))))) -> Profunda e irregular | AC30: =IF(AA30='Listas suspensas'!$A$2,'Listas suspensas'!$C$2,IF(AA30='Listas suspensas'!$A$3,'Listas suspensas'!$C$3,IF(AA30='Listas suspensas'!$A$4,'Listas suspensas'!$C$4,IF(AA30='Listas suspensas'!$A$5,'Listas suspensas'!$C$5,IF(AA30='Listas suspensas'!$A$6,'Listas suspensas'!$C$6,""))))) -> Indica a penetração profunda, mas desuniforme em toda a extensão do alburno. | AK30: 11.42 | AL30: 11.96 | AM30: 11.96 | AN30: 11.87 | AO30: 11.62 | AP30: =AVERAGE(AK30:AO30)/10 -> 1.1766 | AQ30: 14.35 | AR30: 14.2 | AS30: 19.07 | AT30: 13.4 | AU30: 11.77 | AV30: =AVERAGE(AQ30:AU30)/10 -> 1.4558 | AW30: 1.3593 | AX30: 1.3506 | AY30: 1.8113 | AZ30: 1.272 | BA30: 1.112 | BB30: =AVERAGE(AW30:BA30) -> 1.38104 | BC30: =PI()*(AP30/2)^2*AV30 -> 1.5828847 | BE30: =(BB30/BC30)*1000 -> 872.483 | BF30: 0.766 | BG30: 0.357 | BH30: 0.785 | BI30: =SUM(BF30:BH30) -> 1.908 | BJ30: 40.1 | BK30: 18.7 | BL30: 41.2 | BM30: =ROUND(SUM(BJ30:BL30),2) -> 100 | BN30: =ROUND((BF30/100)*BE30,2) -> 6.68 | BO30: =ROUND((BG30/100)*BE30,2) -> 3.11 | BP30: =ROUND((BH30/100)*BE30,2) -> 6.85 | BQ30: =ROUND(SUM(BN30:BP30),2) -> 16.64 | BR30: =IF(OR(AND(X30="Mourões", BQ30>=6.5),AND(X30="Postes", BQ30>=9.6),AND(X30="Dormentes", BQ30>=9.6),AND(X30="Estacas", BQ30>=6.5),AND(X30="Cruzetas", BQ30>=6.5),AND(X30="Outros - Solo", BQ30>=6.5),AND(X30="Outros - Suspenso",BQ30>=4),AND(X30="Deck",BQ30>=4)),'Listas suspensas'!$C$21,'Listas suspensas'!$C$22) -> Os resultados da análise química apresentaram uma retenção do produto de acordo com o padrão mínimo exigido pela norma ABNT NBR 16143
B31: UFV-M-30 | C31: Finalizada | F31: 45399 | G31: 45406 | H31: 45408 | I31: Lua Madeira Imunizada | J31: Nova União | K31: MG | L31: Madeira | M31: luamadeira@luamadeira.com.br | N31: CCA - C | O31: Torete | P31: Madeira nativa | Q31: I4 - 12 a 14 | X31: Dormentes | Y31: =IF(X31='Listas suspensas'!$A$21,'Listas suspensas'!$B$23,IF(X31='Listas suspensas'!$A$22,'Listas suspensas'!$B$23,IF(X31='Listas suspensas'!$A$23,'Listas suspensas'!$B$22,IF(X31='Listas suspensas'!$A$26,'Listas suspensas'!$B$22,IF(X31='Listas suspensas'!$A$32,'Listas suspensas'!$B$22,IF(X31='Listas suspensas'!$A$33,'Listas suspensas'!$B$21,IF(X31='Listas suspensas'!$A$24,'Listas suspensas'!$B$22,IF(X31='Listas suspensas'!$A$30,'Listas suspensas'!$B$21,"")))))))) -> 9.6 | Z31: NBR 16143 | AA31: 3 | AB31: =IF(AA31='Listas suspensas'!$A$2,'Listas suspensas'!$B$2,IF(AA31='Listas suspensas'!$A$3,'Listas suspensas'!$B$3,IF(AA31='Listas suspensas'!$A$4,'Listas suspensas'!$B$4,IF(AA31='Listas suspensas'!$A$5,'Listas suspensas'!$B$5,IF(AA31='Listas suspensas'!$A$6,'Listas suspensas'!$B$6,""))))) -> Parcial e regular | AC31: =IF(AA31='Listas suspensas'!$A$2,'Listas suspensas'!$C$2,IF(AA31='Listas suspensas'!$A$3,'Listas suspensas'!$C$3,IF(AA31='Listas suspensas'!$A$4,'Listas suspensas'!$C$4,IF(AA31='Listas suspensas'!$A$5,'Listas suspensas'!$C$5,IF(AA31='Listas suspensas'!$A$6,'Listas suspensas'!$C$6,""))))) -> Indica a penetração uniforme, mas não total pela extensão do alburno. | AK31: 11.91 | AL31: 11.69 | AM31: 11.93 | AN31: 11.93 | AO31: 11.94 | AP31: =AVERAGE(AK31:AO31)/10 -> 1.188 | AQ31: 12.39 | AR31: 15.41 | AS31: 19.3 | AT31: 16.7 | AU31: 15.26 | AV31: =AVERAGE(AQ31:AU31)/10 -> 1.5812 | AW31: 1.166 | AX31: 1.5359 | AY31: 1.7578 | AZ31: 1.5878 | BA31: 1.523 | BB31: =AVERAGE(AW31:BA31) -> 1.5141 | BC31: =PI()*(AP31/2)^2*AV31 -> 1.752708 | BE31: =(BB31/BC31)*1000 -> 863.86323 | BF31: 0.681 | BG31: 0.309 | BH31: 0.58 | BI31: =SUM(BF31:BH31) -> 1.57 | BJ31: 43.4 | BK31: 19.7 | BL31: 36.9 | BM31: =ROUND(SUM(BJ31:BL31),2) -> 100 | BN31: =ROUND((BF31/100)*BE31,2) -> 5.88 | BO31: =ROUND((BG31/100)*BE31,2) -> 2.67 | BP31: =ROUND((BH31/100)*BE31,2) -> 5.01 | BQ31: =ROUND(SUM(BN31:BP31),2) -> 13.56 | BR31: =IF(OR(AND(X31="Mourões", BQ31>=6.5),AND(X31="Postes", BQ31>=9.6),AND(X31="Dormentes", BQ31>=9.6),AND(X31="Estacas", BQ31>=6.5),AND(X31="Cruzetas", BQ31>=6.5),AND(X31="Outros - Solo", BQ31>=6.5),AND(X31="Outros - Suspenso",BQ31>=4),AND(X31="Deck",BQ31>=4)),'Listas suspensas'!$C$21,'Listas suspensas'!$C$22) -> Os resultados da análise química apresentaram uma retenção do produto de acordo com o padrão mínimo exigido pela norma ABNT NBR 16143
B32: UFV-M-31 | C32: Finalizada | D32: 39.861.262/0001-86 | F32: 45404 | G32: 45406 | H32: 45408 | I32: SC Madeiras LTDA | J32: Olhos D'Água | K32: MG | L32: Madeira | M32: scmadeira21@gmail.com | N32: CCA - C | O32: Bagueta | P32: Eucalyptus | Q32: Amostra 02 - 10x12 3,0m | X32: Mourões | Y32: =IF(X32='Listas suspensas'!$A$21,'Listas suspensas'!$B$23,IF(X32='Listas suspensas'!$A$22,'Listas suspensas'!$B$23,IF(X32='Listas suspensas'!$A$23,'Listas suspensas'!$B$22,IF(X32='Listas suspensas'!$A$26,'Listas suspensas'!$B$22,IF(X32='Listas suspensas'!$A$32,'Listas suspensas'!$B$22,IF(X32='Listas suspensas'!$A$33,'Listas suspensas'!$B$21,IF(X32='Listas suspensas'!$A$24,'Listas suspensas'!$B$22,IF(X32='Listas suspensas'!$A$30,'Listas suspensas'!$B$21,"")))))))) -> 6.5 | Z32: NBR 16143 | AA32: 4 | AB32: =IF(AA32='Listas suspensas'!$A$2,'Listas suspensas'!$B$2,IF(AA32='Listas suspensas'!$A$3,'Listas suspensas'!$B$3,IF(AA32='Listas suspensas'!$A$4,'Listas suspensas'!$B$4,IF(AA32='Listas suspensas'!$A$5,'Listas suspensas'!$B$5,IF(AA32='Listas suspensas'!$A$6,'Listas suspensas'!$B$6,""))))) -> Parcial e irregular | AC32: =IF(AA32='Listas suspensas'!$A$2,'Listas suspensas'!$C$2,IF(AA32='Listas suspensas'!$A$3,'Listas suspensas'!$C$3,IF(AA32='Listas suspensas'!$A$4,'Listas suspensas'!$C$4,IF(AA32='Listas suspensas'!$A$5,'Listas suspensas'!$C$5,IF(AA32='Listas suspensas'!$A$6,'Listas suspensas'!$C$6,""))))) -> Indica a penetração desuniforme e não total pela extensão do alburno. | AK32: 11.47 | AL32: 11.24 | AM32: 11.41 | AN32: 11.37 | AO32: 11.22 | AP32: =AVERAGE(AK32:AO32)/10 -> 1.1342 | AQ32: 11.37 | AR32: 9.92 | AS32: 6.8 | AT32: 8.59 | AU32: 6.25 | AV32: =AVERAGE(AQ32:AU32)/10 -> 0.8586 | AW32: 0.962 | AX32: 0.8598 | AY32: 0.477 | AZ32: 0.798 | BA32: 0.4621 | BB32: =AVERAGE(AW32:BA32) -> 0.71178 | BC32: =PI()*(AP32/2)^2*AV32 -> 0.86748116 | BE32: =(BB32/BC32)*1000 -> 820.5135 | BF32: 0.214 | BG32: 0.112 | BH32: 0.24 | BI32: =SUM(BF32:BH32) -> 0.566 | BJ32: 37.9 | BK32: 19.7 | BL32: 42.4 | BM32: =ROUND(SUM(BJ32:BL32),2) -> 100 | BN32: =ROUND((BF32/100)*BE32,2) -> 1.76 | BO32: =ROUND((BG32/100)*BE32,2) -> 0.92 | BP32: =ROUND((BH32/100)*BE32,2) -> 1.97 | BQ32: =ROUND(SUM(BN32:BP32),2) -> 4.65 | BR32: =IF(OR(AND(X32="Mourões", BQ32>=6.5),AND(X32="Postes", BQ32>=9.6),AND(X32="Dormentes", BQ32>=9.6),AND(X32="Estacas", BQ32>=6.5),AND(X32="Cruzetas", BQ32>=6.5),AND(X32="Outros - Solo", BQ32>=6.5),AND(X32="Outros - Suspenso",BQ32>=4),AND(X32="Deck",BQ32>=4)),'Listas suspensas'!$C$21,'Listas suspensas'!$C$22) -> Os resultados da análise química apresentaram uma retenção do produto inferior ao padrão mínimo exigido pela norma ABNT NBR 16143
B33: UFV-M-32 | C33: Finalizada | D33: 39.861.262/0001-86 | F33: 45404 | G33: 45406 | H33: 45408 | I33: SC Madeiras LTDA | J33: Olhos D'Água | K33: MG | L33: Madeira | M33: scmadeira21@gmail.com | N33: CCA - C | O33: Bagueta | P33: Eucalyptus | Q33: Amostra 03 - 08x10 2,2m | X33: Mourões | Y33: =IF(X33='Listas suspensas'!$A$21,'Listas suspensas'!$B$23,IF(X33='Listas suspensas'!$A$22,'Listas suspensas'!$B$23,IF(X33='Listas suspensas'!$A$23,'Listas suspensas'!$B$22,IF(X33='Listas suspensas'!$A$26,'Listas suspensas'!$B$22,IF(X33='Listas suspensas'!$A$32,'Listas suspensas'!$B$22,IF(X33='Listas suspensas'!$A$33,'Listas suspensas'!$B$21,IF(X33='Listas suspensas'!$A$24,'Listas suspensas'!$B$22,IF(X33='Listas suspensas'!$A$30,'Listas suspensas'!$B$21,"")))))))) -> 6.5 | Z33: NBR 16143 | AA33: 2 | AB33: =IF(AA33='Listas suspensas'!$A$2,'Listas suspensas'!$B$2,IF(AA33='Listas suspensas'!$A$3,'Listas suspensas'!$B$3,IF(AA33='Listas suspensas'!$A$4,'Listas suspensas'!$B$4,IF(AA33='Listas suspensas'!$A$5,'Listas suspensas'!$B$5,IF(AA33='Listas suspensas'!$A$6,'Listas suspensas'!$B$6,""))))) -> Profunda e irregular | AC33: =IF(AA33='Listas suspensas'!$A$2,'Listas suspensas'!$C$2,IF(AA33='Listas suspensas'!$A$3,'Listas suspensas'!$C$3,IF(AA33='Listas suspensas'!$A$4,'Listas suspensas'!$C$4,IF(AA33='Listas suspensas'!$A$5,'Listas suspensas'!$C$5,IF(AA33='Listas suspensas'!$A$6,'Listas suspensas'!$C$6,""))))) -> Indica a penetração profunda, mas desuniforme em toda a extensão do alburno. | AK33: 11.61 | AL33: 11.1 | AM33: 11.91 | AN33: 11.86 | AO33: 11.73 | AP33: =AVERAGE(AK33:AO33)/10 -> 1.1642 | AQ33: 7.81 | AR33: 12.5 | AS33: 13.98 | AT33: 14.25 | AU33: 13.94 | AV33: =AVERAGE(AQ33:AU33)/10 -> 1.2496 | AW33: 0.4979 | AX33: 0.7897 | AY33: 0.8254 | AZ33: 0.9296 | BA33: 0.8889 | BB33: =AVERAGE(AW33:BA33) -> 0.7863 | BC33: =PI()*(AP33/2)^2*AV33 -> 1.3301974 | BE33: =(BB33/BC33)*1000 -> 591.11528 | BF33: 0.293 | BG33: 0.159 | BH33: 0.263 | BI33: =SUM(BF33:BH33) -> 0.715 | BJ33: 41 | BK33: 22.2 | BL33: 36.8 | BM33: =ROUND(SUM(BJ33:BL33),2) -> 100 | BN33: =ROUND((BF33/100)*BE33,2) -> 1.73 | BO33: =ROUND((BG33/100)*BE33,2) -> 0.94 | BP33: =ROUND((BH33/100)*BE33,2) -> 1.55 | BQ33: =ROUND(SUM(BN33:BP33),2) -> 4.22 | BR33: =IF(OR(AND(X33="Mourões", BQ33>=6.5),AND(X33="Postes", BQ33>=9.6),AND(X33="Dormentes", BQ33>=9.6),AND(X33="Estacas", BQ33>=6.5),AND(X33="Cruzetas", BQ33>=6.5),AND(X33="Outros - Solo", BQ33>=6.5),AND(X33="Outros - Suspenso",BQ33>=4),AND(X33="Deck",BQ33>=4)),'Listas suspensas'!$C$21,'Listas suspensas'!$C$22) -> Os resultados da análise química apresentaram uma retenção do produto inferior ao padrão mínimo exigido pela norma ABNT NBR 16143
B34: UFV-M-33 | C34: Finalizada | F34: 45399 | G34: 45406 | H34: 45408 | I34: Lua Madeira Imunizada | J34: Nova União | K34: MG | L34: Madeira | M34: luamadeira@luamadeira.com.br | N34: CCA - C | O34: Torete | P34: Madeira nativa | Q34: Casq.1 | X34: Dormentes | Y34: =IF(X34='Listas suspensas'!$A$21,'Listas suspensas'!$B$23,IF(X34='Listas suspensas'!$A$22,'Listas suspensas'!$B$23,IF(X34='Listas suspensas'!$A$23,'Listas suspensas'!$B$22,IF(X34='Listas suspensas'!$A$26,'Listas suspensas'!$B$22,IF(X34='Listas suspensas'!$A$32,'Listas suspensas'!$B$22,IF(X34='Listas suspensas'!$A$33,'Listas suspensas'!$B$21,IF(X34='Listas suspensas'!$A$24,'Listas suspensas'!$B$22,IF(X34='Listas suspensas'!$A$30,'Listas suspensas'!$B$21,"")))))))) -> 9.6 | Z34: NBR 16143 | AA34: 1 | AB34: =IF(AA34='Listas suspensas'!$A$2,'Listas suspensas'!$B$2,IF(AA34='Listas suspensas'!$A$3,'Listas suspensas'!$B$3,IF(AA34='Listas suspensas'!$A$4,'Listas suspensas'!$B$4,IF(AA34='Listas suspensas'!$A$5,'Listas suspensas'!$B$5,IF(AA34='Listas suspensas'!$A$6,'Listas suspensas'!$B$6,""))))) -> Profunda e regular | AC34: =IF(AA34='Listas suspensas'!$A$2,'Listas suspensas'!$C$2,IF(AA34='Listas suspensas'!$A$3,'Listas suspensas'!$C$3,IF(AA34='Listas suspensas'!$A$4,'Listas suspensas'!$C$4,IF(AA34='Listas suspensas'!$A$5,'Listas suspensas'!$C$5,IF(AA34='Listas suspensas'!$A$6,'Listas suspensas'!$C$6,""))))) -> Indica a penetração profunda e uniforme em toda a extensão do alburno. | AK34: 11.85 | AL34: 11.95 | AM34: 11.77 | AN34: 11.88 | AO34: 11.97 | AP34: =AVERAGE(AK34:AO34)/10 -> 1.1884 | AQ34: 17.96 | AR34: 15.73 | AS34: 13.5 | AT34: 15.31 | AU34: 13.85 | AV34: =AVERAGE(AQ34:AU34)/10 -> 1.527 | AW34: 1.7112 | AX34: 1.5567 | AY34: 1.3233 | AZ34: 1.4655 | BA34: 1.3617 | BB34: =AVERAGE(AW34:BA34) -> 1.48368 | BC34: =PI()*(AP34/2)^2*AV34 -> 1.6937691 | BE34: =(BB34/BC34)*1000 -> 875.96356 | BF34: 0.618 | BG34: 0.327 | BH34: 0.747 | BI34: =SUM(BF34:BH34) -> 1.692 | BJ34: 36.5 | BK34: 19.3 | BL34: 44.2 | BM34: =ROUND(SUM(BJ34:BL34),2) -> 100 | BN34: =ROUND((BF34/100)*BE34,2) -> 5.41 | BO34: =ROUND((BG34/100)*BE34,2) -> 2.86 | BP34: =ROUND((BH34/100)*BE34,2) -> 6.54 | BQ34: =ROUND(SUM(BN34:BP34),2) -> 14.81 | BR34: =IF(OR(AND(X34="Mourões", BQ34>=6.5),AND(X34="Postes", BQ34>=9.6),AND(X34="Dormentes", BQ34>=9.6),AND(X34="Estacas", BQ34>=6.5),AND(X34="Cruzetas", BQ34>=6.5),AND(X34="Outros - Solo", BQ34>=6.5),AND(X34="Outros - Suspenso",BQ34>=4),AND(X34="Deck",BQ34>=4)),'Listas suspensas'!$C$21,'Listas suspensas'!$C$22) -> Os resultados da análise química apresentaram uma retenção do produto de acordo com o padrão mínimo exigido pela norma ABNT NBR 16143
B35: UFV-M-34 | C35: Finalizada | D35: 03.676.002/0001-93 | F35: 45426 | G35: 45426 | H35: 45428 | I35: Madtrat | J35: Santa Cruz do Rio Pardo | K35: SP | L35: Madeira | M35: qualidade@madtrat.com.br | N35: CCA - C | O35: Bagueta | P35: Citriodora | Q35: VCS0003 | X35: Mourões | Y35: =IF(X35='Listas suspensas'!$A$21,'Listas suspensas'!$B$23,IF(X35='Listas suspensas'!$A$22,'Listas suspensas'!$B$23,IF(X35='Listas suspensas'!$A$23,'Listas suspensas'!$B$22,IF(X35='Listas suspensas'!$A$26,'Listas suspensas'!$B$22,IF(X35='Listas suspensas'!$A$32,'Listas suspensas'!$B$22,IF(X35='Listas suspensas'!$A$33,'Listas suspensas'!$B$21,IF(X35='Listas suspensas'!$A$24,'Listas suspensas'!$B$22,IF(X35='Listas suspensas'!$A$30,'Listas suspensas'!$B$21,"")))))))) -> 6.5 | Z35: NBR 16143 | AA35: 3 | AB35: =IF(AA35='Listas suspensas'!$A$2,'Listas suspensas'!$B$2,IF(AA35='Listas suspensas'!$A$3,'Listas suspensas'!$B$3,IF(AA35='Listas suspensas'!$A$4,'Listas suspensas'!$B$4,IF(AA35='Listas suspensas'!$A$5,'Listas suspensas'!$B$5,IF(AA35='Listas suspensas'!$A$6,'Listas suspensas'!$B$6,""))))) -> Parcial e regular | AC35: =IF(AA35='Listas suspensas'!$A$2,'Listas suspensas'!$C$2,IF(AA35='Listas suspensas'!$A$3,'Listas suspensas'!$C$3,IF(AA35='Listas suspensas'!$A$4,'Listas suspensas'!$C$4,IF(AA35='Listas suspensas'!$A$5,'Listas suspensas'!$C$5,IF(AA35='Listas suspensas'!$A$6,'Listas suspensas'!$C$6,""))))) -> Indica a penetração uniforme, mas não total pela extensão do alburno. | AK35: 11 | AL35: 11.89 | AM35: 11.93 | AN35: 11.77 | AO35: 11.47 | AP35: =AVERAGE(AK35:AO35)/10 -> 1.1612 | AQ35: 9.86 | AR35: 10.28 | AS35: 9.57 | AT35: 8.15 | AU35: 8.27 | AV35: =AVERAGE(AQ35:AU35)/10 -> 0.9226 | AW35: 0.7689 | AX35: 0.8081 | AY35: 0.6763 | AZ35: 0.623 | BA35: 0.6158 | BB35: =AVERAGE(AW35:BA35) -> 0.69842 | BC35: =PI()*(AP35/2)^2*AV35 -> 0.97705134 | BE35: =(BB35/BC35)*1000 -> 714.82426 | BF35: 0.291 | BG35: 0.175 | BH35: 0.309 | BI35: =SUM(BF35:BH35) -> 0.775 | BJ35: 37.5 | BK35: 22.6 | BL35: 39.9 | BM35: =ROUND(SUM(BJ35:BL35),2) -> 100 | BN35: =ROUND((BF35/100)*BE35,2) -> 2.08 | BO35: =ROUND((BG35/100)*BE35,2) -> 1.25 | BP35: =ROUND((BH35/100)*BE35,2) -> 2.21 | BQ35: =ROUND(SUM(BN35:BP35),2) -> 5.54 | BR35: =IF(OR(AND(X35="Mourões", BQ35>=6.5),AND(X35="Postes", BQ35>=9.6),AND(X35="Dormentes", BQ35>=9.6),AND(X35="Estacas", BQ35>=6.5),AND(X35="Cruzetas", BQ35>=6.5),AND(X35="Outros - Solo", BQ35>=6.5),AND(X35="Outros - Suspenso",BQ35>=4),AND(X35="Deck",BQ35>=4)),'Listas suspensas'!$C$21,'Listas suspensas'!$C$22) -> Os resultados da análise química apresentaram uma retenção do produto inferior ao padrão mínimo exigido pela norma ABNT NBR 16143
B36: UFV-M-35 | C36: Finalizada | F36: 45448 | G36: 45449 | H36: 45454 | I36: Comércio de Madeiras Tratadas | J36: Bilac | K36: SP | L36: Madeira | M36: serrarialoureiro@hotmail.com | N36: CCA - C | O36: Torete | P36: Sem identificação | Q36: - | X36: Estacas - Solo | Y36: =IF(X36='Listas suspensas'!$A$21,'Listas suspensas'!$B$23,IF(X36='Listas suspensas'!$A$22,'Listas suspensas'!$B$23,IF(X36='Listas suspensas'!$A$23,'Listas suspensas'!$B$22,IF(X36='Listas suspensas'!$A$26,'Listas suspensas'!$B$22,IF(X36='Listas suspensas'!$A$32,'Listas suspensas'!$B$22,IF(X36='Listas suspensas'!$A$33,'Listas suspensas'!$B$21,IF(X36='Listas suspensas'!$A$24,'Listas suspensas'!$B$22,IF(X36='Listas suspensas'!$A$30,'Listas suspensas'!$B$21,"")))))))) -> 6.5 | Z36: NBR 16143 | AA36: 4 | AB36: =IF(AA36='Listas suspensas'!$A$2,'Listas suspensas'!$B$2,IF(AA36='Listas suspensas'!$A$3,'Listas suspensas'!$B$3,IF(AA36='Listas suspensas'!$A$4,'Listas suspensas'!$B$4,IF(AA36='Listas suspensas'!$A$5,'Listas suspensas'!$B$5,IF(AA36='Listas suspensas'!$A$6,'Listas suspensas'!$B$6,""))))) -> Parcial e irregular | AC36: =IF(AA36='Listas suspensas'!$A$2,'Listas suspensas'!$C$2,IF(AA36='Listas suspensas'!$A$3,'Listas suspensas'!$C$3,IF(AA36='Listas suspensas'!$A$4,'Listas suspensas'!$C$4,IF(AA36='Listas suspensas'!$A$5,'Listas suspensas'!$C$5,IF(AA36='Listas suspensas'!$A$6,'Listas suspensas'!$C$6,""))))) -> Indica a penetração desuniforme e não total pela extensão do alburno. | AK36: 11.64 | AL36: 11.58 | AM36: 11.73 | AN36: 11.91 | AO36: 11.73 | AP36: =AVERAGE(AK36:AO36)/10 -> 1.1718 | AQ36: 9.78 | AR36: 11.02 | AS36: 10.42 | AT36: 9.48 | AU36: 9.19 | AV36: =AVERAGE(AQ36:AU36)/10 -> 0.9978 | AW36: 0.8272 | AX36: 0.9068 | AY36: 0.9016 | AZ36: 0.8536 | BA36: 0.8183 | BB36: =AVERAGE(AW36:BA36) -> 0.8615 | BC36: =PI()*(AP36/2)^2*AV36 -> 1.0760696 | BE36: =(BB36/BC36)*1000 -> 800.59876 | BF36: 0.235 | BG36: 0.118 | BH36: 0.206 | BI36: =SUM(BF36:BH36) -> 0.559 | BJ36: 42.1 | BK36: 21.1 | BL36: 36.8 | BM36: =ROUND(SUM(BJ36:BL36),2) -> 100 | BN36: =ROUND((BF36/100)*BE36,2) -> 1.88 | BO36: =ROUND((BG36/100)*BE36,2) -> 0.94 | BP36: =ROUND((BH36/100)*BE36,2) -> 1.65 | BQ36: =ROUND(SUM(BN36:BP36),2) -> 4.47 | BR36: =IF(OR(AND(X36="Mourões", BQ36>=6.5),AND(X36="Postes", BQ36>=9.6),AND(X36="Dormentes", BQ36>=9.6),AND(X36="Estacas", BQ36>=6.5),AND(X36="Cruzetas", BQ36>=6.5),AND(X36="Outros - Solo", BQ36>=6.5),AND(X36="Outros - Suspenso",BQ36>=4),AND(X36="Deck",BQ36>=4)),'Listas suspensas'!$C$21,'Listas suspensas'!$C$22) -> Os resultados da análise química apresentaram uma retenção do produto inferior ao padrão mínimo exigido pela norma ABNT NBR 16143
B37: UFV-M-36 | C37: Finalizada | F37: 45448 | G37: 45449 | H37: 45454 | I37: Comércio de Madeiras Tratadas | J37: Bilac | K37: SP | L37: Madeira | M37: serrarialoureiro@hotmail.com | N37: CCA - C | O37: Torete | P37: Sem identificação | Q37: 2016 | X37: Estacas - Solo | Y37: =IF(X37='Listas suspensas'!$A$21,'Listas suspensas'!$B$23,IF(X37='Listas suspensas'!$A$22,'Listas suspensas'!$B$23,IF(X37='Listas suspensas'!$A$23,'Listas suspensas'!$B$22,IF(X37='Listas suspensas'!$A$26,'Listas suspensas'!$B$22,IF(X37='Listas suspensas'!$A$32,'Listas suspensas'!$B$22,IF(X37='Listas suspensas'!$A$33,'Listas suspensas'!$B$21,IF(X37='Listas suspensas'!$A$24,'Listas suspensas'!$B$22,IF(X37='Listas suspensas'!$A$30,'Listas suspensas'!$B$21,"")))))))) -> 6.5 | Z37: NBR 16143 | AA37: 4 | AB37: =IF(AA37='Listas suspensas'!$A$2,'Listas suspensas'!$B$2,IF(AA37='Listas suspensas'!$A$3,'Listas suspensas'!$B$3,IF(AA37='Listas suspensas'!$A$4,'Listas suspensas'!$B$4,IF(AA37='Listas suspensas'!$A$5,'Listas suspensas'!$B$5,IF(AA37='Listas suspensas'!$A$6,'Listas suspensas'!$B$6,""))))) -> Parcial e irregular | AC37: =IF(AA37='Listas suspensas'!$A$2,'Listas suspensas'!$C$2,IF(AA37='Listas suspensas'!$A$3,'Listas suspensas'!$C$3,IF(AA37='Listas suspensas'!$A$4,'Listas suspensas'!$C$4,IF(AA37='Listas suspensas'!$A$5,'Listas suspensas'!$C$5,IF(AA37='Listas suspensas'!$A$6,'Listas suspensas'!$C$6,""))))) -> Indica a penetração desuniforme e não total pela extensão do alburno. | AK37: 11.87 | AL37: 11.79 | AM37: 11.84 | AN37: 11.44 | AO37: 11.3 | AP37: =AVERAGE(AK37:AO37)/10 -> 1.1648 | AQ37: 9.72 | AR37: 7.99 | AS37: 9.39 | AT37: 8.55 | AU37: 10.19 | AV37: =AVERAGE(AQ37:AU37)/10 -> 0.9168 | AW37: 0.7871 | AX37: 0.675 | AY37: 0.6848 | AZ37: 0.5201 | BA37: 0.6401 | BB37: =AVERAGE(AW37:BA37) -> 0.66142 | BC37: =PI()*(AP37/2)^2*AV37 -> 0.97693847 | BE37: =(BB37/BC37)*1000 -> 677.03343 | BF37: 0.248 | BG37: 0.117 | BH37: 0.074 | BI37: =SUM(BF37:BH37) -> 0.439 | BJ37: 56.5 | BK37: 26.6 | BL37: 16.9 | BM37: =ROUND(SUM(BJ37:BL37),2) -> 100 | BN37: =ROUND((BF37/100)*BE37,2) -> 1.68 | BO37: =ROUND((BG37/100)*BE37,2) -> 0.79 | BP37: =ROUND((BH37/100)*BE37,2) -> 0.5 | BQ37: =ROUND(SUM(BN37:BP37),2) -> 2.97 | BR37: =IF(OR(AND(X37="Mourões", BQ37>=6.5),AND(X37="Postes", BQ37>=9.6),AND(X37="Dormentes", BQ37>=9.6),AND(X37="Estacas", BQ37>=6.5),AND(X37="Cruzetas", BQ37>=6.5),AND(X37="Outros - Solo", BQ37>=6.5),AND(X37="Outros - Suspenso",BQ37>=4),AND(X37="Deck",BQ37>=4)),'Listas suspensas'!$C$21,'Listas suspensas'!$C$22) -> Os resultados da análise química apresentaram uma retenção do produto inferior ao padrão mínimo exigido pela norma ABNT NBR 16143
B38: UFV-M-37 | C38: Finalizada | D38: 03.676.002/0001-93 | F38: 45470 | G38: 45471 | H38: 45474 | I38: Madtrat | J38: Santa Cruz do Rio Pardo | K38: SP | L38: Madeira | M38: qualidade@madtrat.com.br | N38: CCA - C | O38: Bagueta | P38: Citriodora | Q38: VCS0004 | X38: Mourões | Y38: =IF(X38='Listas suspensas'!$A$21,'Listas suspensas'!$B$23,IF(X38='Listas suspensas'!$A$22,'Listas suspensas'!$B$23,IF(X38='Listas suspensas'!$A$23,'Listas suspensas'!$B$22,IF(X38='Listas suspensas'!$A$26,'Listas suspensas'!$B$22,IF(X38='Listas suspensas'!$A$32,'Listas suspensas'!$B$22,IF(X38='Listas suspensas'!$A$33,'Listas suspensas'!$B$21,IF(X38='Listas suspensas'!$A$24,'Listas suspensas'!$B$22,IF(X38='Listas suspensas'!$A$30,'Listas suspensas'!$B$21,"")))))))) -> 6.5 | Z38: NBR 16143 | AA38: 1 | AB38: =IF(AA38='Listas suspensas'!$A$2,'Listas suspensas'!$B$2,IF(AA38='Listas suspensas'!$A$3,'Listas suspensas'!$B$3,IF(AA38='Listas suspensas'!$A$4,'Listas suspensas'!$B$4,IF(AA38='Listas suspensas'!$A$5,'Listas suspensas'!$B$5,IF(AA38='Listas suspensas'!$A$6,'Listas suspensas'!$B$6,""))))) -> Profunda e regular | AC38: =IF(AA38='Listas suspensas'!$A$2,'Listas suspensas'!$C$2,IF(AA38='Listas suspensas'!$A$3,'Listas suspensas'!$C$3,IF(AA38='Listas suspensas'!$A$4,'Listas suspensas'!$C$4,IF(AA38='Listas suspensas'!$A$5,'Listas suspensas'!$C$5,IF(AA38='Listas suspensas'!$A$6,'Listas suspensas'!$C$6,""))))) -> Indica a penetração profunda e uniforme em toda a extensão do alburno. | AK38: 11.41 | AL38: 11.21 | AM38: 11.25 | AN38: 11.5 | AO38: 11.44 | AP38: =AVERAGE(AK38:AO38)/10 -> 1.1362 | AQ38: 25.59 | AR38: 25.24 | AS38: 26 | AT38: 27.32 | AU38: 26.18 | AV38: =AVERAGE(AQ38:AU38)/10 -> 2.6066 | AW38: 2.4111 | AX38: 2.304 | AY38: 2.3082 | AZ38: 2.422 | BA38: 2.2363 | BB38: =AVERAGE(AW38:BA38) -> 2.33632 | BC38: =PI()*(AP38/2)^2*AV38 -> 2.6428581 | BE38: =(BB38/BC38)*1000 -> 884.01266 | BF38: 0.376 | BG38: 0.208 | BH38: 0.333 | BI38: =SUM(BF38:BH38) -> 0.917 | BJ38: 41.1 | BK38: 22.6 | BL38: 36.3 | BM38: =ROUND(SUM(BJ38:BL38),2) -> 100 | BN38: =ROUND((BF38/100)*BE38,2) -> 3.32 | BO38: =ROUND((BG38/100)*BE38,2) -> 1.84 | BP38: =ROUND((BH38/100)*BE38,2) -> 2.94 | BQ38: =ROUND(SUM(BN38:BP38),2) -> 8.1 | BR38: =IF(OR(AND(X38="Mourões", BQ38>=6.5),AND(X38="Postes", BQ38>=9.6),AND(X38="Dormentes", BQ38>=9.6),AND(X38="Estacas", BQ38>=6.5),AND(X38="Cruzetas", BQ38>=6.5),AND(X38="Outros - Solo", BQ38>=6.5),AND(X38="Outros - Suspenso",BQ38>=4),AND(X38="Deck",BQ38>=4)),'Listas suspensas'!$C$21,'Listas suspensas'!$C$22) -> Os resultados da análise química apresentaram uma retenção do produto de acordo com o padrão mínimo exigido pela norma ABNT NBR 16143
B39: UFV-M-38 | C39: Finalizada | D39: 12.596.339/0001-81 | F39: 45470 | G39: 45471 | H39: 45474 | I39: Madimune | J39: Coxim | K39: MS | L39: Madeira | M39: madimunecoxim@gmail.com | N39: CCA - C | O39: Bagueta | P39: Eucalyptus | Q39: 15/SB | X39: Mourões | Y39: =IF(X39='Listas suspensas'!$A$21,'Listas suspensas'!$B$23,IF(X39='Listas suspensas'!$A$22,'Listas suspensas'!$B$23,IF(X39='Listas suspensas'!$A$23,'Listas suspensas'!$B$22,IF(X39='Listas suspensas'!$A$26,'Listas suspensas'!$B$22,IF(X39='Listas suspensas'!$A$32,'Listas suspensas'!$B$22,IF(X39='Listas suspensas'!$A$33,'Listas suspensas'!$B$21,IF(X39='Listas suspensas'!$A$24,'Listas suspensas'!$B$22,IF(X39='Listas suspensas'!$A$30,'Listas suspensas'!$B$21,"")))))))) -> 6.5 | Z39: NBR 16143 | AA39: 5 | AB39: =IF(AA39='Listas suspensas'!$A$2,'Listas suspensas'!$B$2,IF(AA39='Listas suspensas'!$A$3,'Listas suspensas'!$B$3,IF(AA39='Listas suspensas'!$A$4,'Listas suspensas'!$B$4,IF(AA39='Listas suspensas'!$A$5,'Listas suspensas'!$B$5,IF(AA39='Listas suspensas'!$A$6,'Listas suspensas'!$B$6,""))))) -> Sem Reação do Cromoazurol | AC39: =IF(AA39='Listas suspensas'!$A$2,'Listas suspensas'!$C$2,IF(AA39='Listas suspensas'!$A$3,'Listas suspensas'!$C$3,IF(AA39='Listas suspensas'!$A$4,'Listas suspensas'!$C$4,IF(AA39='Listas suspensas'!$A$5,'Listas suspensas'!$C$5,IF(AA39='Listas suspensas'!$A$6,'Listas suspensas'!$C$6,""))))) -> Sem Reação do Cromoazurol | AK39: 11.52 | AL39: 11.95 | AM39: 11.93 | AN39: 11.58 | AO39: 11.9 | AP39: =AVERAGE(AK39:AO39)/10 -> 1.1776 | AQ39: 24.08 | AR39: 25.85 | AS39: 25.15 | AT39: 30.35 | AU39: 27.94 | AV39: =AVERAGE(AQ39:AU39)/10 -> 2.6674 | AW39: 2.4798 | AX39: 2.6123 | AY39: 2.5726 | AZ39: 3.0888 | BA39: 2.7492 | BB39: =AVERAGE(AW39:BA39) -> 2.70054 | BC39: =PI()*(AP39/2)^2*AV39 -> 2.9051839 | BE39: =(BB39/BC39)*1000 -> 929.55907 | BF39: 0.148 | BG39: 0.066 | BH39: 0.01 | BI39: =SUM(BF39:BH39) -> 0.224 | BJ39: 65.9 | BK39: 29.5 | BL39: 4.6 | BM39: =ROUND(SUM(BJ39:BL39),2) -> 100 | BN39: =ROUND((BF39/100)*BE39,2) -> 1.38 | BO39: =ROUND((BG39/100)*BE39,2) -> 0.61 | BP39: =ROUND((BH39/100)*BE39,2) -> 0.09 | BQ39: =ROUND(SUM(BN39:BP39),2) -> 2.08 | BR39: =IF(OR(AND(X39="Mourões", BQ39>=6.5),AND(X39="Postes", BQ39>=9.6),AND(X39="Dormentes", BQ39>=9.6),AND(X39="Estacas", BQ39>=6.5),AND(X39="Cruzetas", BQ39>=6.5),AND(X39="Outros - Solo", BQ39>=6.5),AND(X39="Outros - Suspenso",BQ39>=4),AND(X39="Deck",BQ39>=4)),'Listas suspensas'!$C$21,'Listas suspensas'!$C$22) -> Os resultados da análise química apresentaram uma retenção do produto inferior ao padrão mínimo exigido pela norma ABNT NBR 16143
B40: UFV-M-39 | C40: Finalizada | D40: 12.596.339/0001-81 | F40: 45470 | G40: 45471 | H40: 45474 | I40: Madimune | J40: Coxim | K40: MS | L40: Madeira | M40: madimunecoxim@gmail.com | N40: CCA - C | O40: Bagueta | P40: Eucalyptus | Q40: 17/24 | X40: Mourões | Y40: =IF(X40='Listas suspensas'!$A$21,'Listas suspensas'!$B$23,IF(X40='Listas suspensas'!$A$22,'Listas suspensas'!$B$23,IF(X40='Listas suspensas'!$A$23,'Listas suspensas'!$B$22,IF(X40='Listas suspensas'!$A$26,'Listas suspensas'!$B$22,IF(X40='Listas suspensas'!$A$32,'Listas suspensas'!$B$22,IF(X40='Listas suspensas'!$A$33,'Listas suspensas'!$B$21,IF(X40='Listas suspensas'!$A$24,'Listas suspensas'!$B$22,IF(X40='Listas suspensas'!$A$30,'Listas suspensas'!$B$21,"")))))))) -> 6.5 | Z40: NBR 16143 | AA40: 1 | AB40: =IF(AA40='Listas suspensas'!$A$2,'Listas suspensas'!$B$2,IF(AA40='Listas suspensas'!$A$3,'Listas suspensas'!$B$3,IF(AA40='Listas suspensas'!$A$4,'Listas suspensas'!$B$4,IF(AA40='Listas suspensas'!$A$5,'Listas suspensas'!$B$5,IF(AA40='Listas suspensas'!$A$6,'Listas suspensas'!$B$6,""))))) -> Profunda e regular | AC40: =IF(AA40='Listas suspensas'!$A$2,'Listas suspensas'!$C$2,IF(AA40='Listas suspensas'!$A$3,'Listas suspensas'!$C$3,IF(AA40='Listas suspensas'!$A$4,'Listas suspensas'!$C$4,IF(AA40='Listas suspensas'!$A$5,'Listas suspensas'!$C$5,IF(AA40='Listas suspensas'!$A$6,'Listas suspensas'!$C$6,""))))) -> Indica a penetração profunda e uniforme em toda a extensão do alburno. | AK40: 11.82 | AL40: 11.86 | AM40: 11.9 | AN40: 11.4 | AO40: 11.39 | AP40: =AVERAGE(AK40:AO40)/10 -> 1.1674 | AQ40: 32.45 | AR40: 29.64 | AS40: 35.77 | AT40: 30.85 | AU40: 37.9 | AV40: =AVERAGE(AQ40:AU40)/10 -> 3.3322 | AW40: 2.5642 | AX40: 2.4577 | AY40: 3.0102 | AZ40: 2.4762 | BA40: 3.1185 | BB40: =AVERAGE(AW40:BA40) -> 2.72536 | BC40: =PI()*(AP40/2)^2*AV40 -> 3.5666486 | BE40: =(BB40/BC40)*1000 -> 764.1235 | BF40: 0.382 | BG40: 0.193 | BH40: 0.369 | BI40: =SUM(BF40:BH40) -> 0.944 | BJ40: 40.5 | BK40: 20.5 | BL40: 39 | BM40: =ROUND(SUM(BJ40:BL40),2) -> 100 | BN40: =ROUND((BF40/100)*BE40,2) -> 2.92 | BO40: =ROUND((BG40/100)*BE40,2) -> 1.47 | BP40: =ROUND((BH40/100)*BE40,2) -> 2.82 | BQ40: =ROUND(SUM(BN40:BP40),2) -> 7.21 | BR40: =IF(OR(AND(X40="Mourões", BQ40>=6.5),AND(X40="Postes", BQ40>=9.6),AND(X40="Dormentes", BQ40>=9.6),AND(X40="Estacas", BQ40>=6.5),AND(X40="Cruzetas", BQ40>=6.5),AND(X40="Outros - Solo", BQ40>=6.5),AND(X40="Outros - Suspenso",BQ40>=4),AND(X40="Deck",BQ40>=4)),'Listas suspensas'!$C$21,'Listas suspensas'!$C$22) -> Os resultados da análise química apresentaram uma retenção do produto de acordo com o padrão mínimo exigido pela norma ABNT NBR 16143
B41: UFV-M-40 | C41: Finalizada | D41: 12.596.339/0001-81 | F41: 45482 | G41: 45482 | H41: 45484 | I41: Madimune | J41: Coxim | K41: MS | L41: Madeira | M41: madimunecoxim@gmail.com | N41: CCA - C | O41: Bagueta | P41: Eucalyptus | Q41: 18/24 | X41: Mourões | Y41: =IF(X41='Listas suspensas'!$A$21,'Listas suspensas'!$B$23,IF(X41='Listas suspensas'!$A$22,'Listas suspensas'!$B$23,IF(X41='Listas suspensas'!$A$23,'Listas suspensas'!$B$22,IF(X41='Listas suspensas'!$A$26,'Listas suspensas'!$B$22,IF(X41='Listas suspensas'!$A$32,'Listas suspensas'!$B$22,IF(X41='Listas suspensas'!$A$33,'Listas suspensas'!$B$21,IF(X41='Listas suspensas'!$A$24,'Listas suspensas'!$B$22,IF(X41='Listas suspensas'!$A$30,'Listas suspensas'!$B$21,"")))))))) -> 6.5 | Z41: NBR 16143 | AA41: 1 | AB41: =IF(AA41='Listas suspensas'!$A$2,'Listas suspensas'!$B$2,IF(AA41='Listas suspensas'!$A$3,'Listas suspensas'!$B$3,IF(AA41='Listas suspensas'!$A$4,'Listas suspensas'!$B$4,IF(AA41='Listas suspensas'!$A$5,'Listas suspensas'!$B$5,IF(AA41='Listas suspensas'!$A$6,'Listas suspensas'!$B$6,""))))) -> Profunda e regular | AC41: =IF(AA41='Listas suspensas'!$A$2,'Listas suspensas'!$C$2,IF(AA41='Listas suspensas'!$A$3,'Listas suspensas'!$C$3,IF(AA41='Listas suspensas'!$A$4,'Listas suspensas'!$C$4,IF(AA41='Listas suspensas'!$A$5,'Listas suspensas'!$C$5,IF(AA41='Listas suspensas'!$A$6,'Listas suspensas'!$C$6,""))))) -> Indica a penetração profunda e uniforme em toda a extensão do alburno. | AK41: 11.8 | AL41: 10.52 | AM41: 11.88 | AN41: 11.89 | AO41: 11.75 | AP41: =AVERAGE(AK41:AO41)/10 -> 1.1568 | AQ41: 15.12 | AR41: 15.5 | AS41: 18.83 | AT41: 16.39 | AU41: 20.62 | AV41: =AVERAGE(AQ41:AU41)/10 -> 1.7292 | AW41: 1.4233 | AX41: 1.4047 | AY41: 1.682 | AZ41: 1.4613 | BA41: 1.8731 | BB41: =AVERAGE(AW41:BA41) -> 1.56888 | BC41: =PI()*(AP41/2)^2*AV41 -> 1.8174048 | BE41: =(BB41/BC41)*1000 -> 863.25292 | BF41: 0.362 | BG41: 0.164 | BH41: 0.313 | BI41: =SUM(BF41:BH41) -> 0.839 | BJ41: 43.1 | BK41: 19.5 | BL41: 37.4 | BM41: =ROUND(SUM(BJ41:BL41),2) -> 100 | BN41: =ROUND((BF41/100)*BE41,2) -> 3.12 | BO41: =ROUND((BG41/100)*BE41,2) -> 1.42 | BP41: =ROUND((BH41/100)*BE41,2) -> 2.7 | BQ41: =ROUND(SUM(BN41:BP41),2) -> 7.24 | BR41: =IF(OR(AND(X41="Mourões", BQ41>=6.5),AND(X41="Postes", BQ41>=9.6),AND(X41="Dormentes", BQ41>=9.6),AND(X41="Estacas", BQ41>=6.5),AND(X41="Cruzetas", BQ41>=6.5),AND(X41="Outros - Solo", BQ41>=6.5),AND(X41="Outros - Suspenso",BQ41>=4),AND(X41="Deck",BQ41>=4)),'Listas suspensas'!$C$21,'Listas suspensas'!$C$22) -> Os resultados da análise química apresentaram uma retenção do produto de acordo com o padrão mínimo exigido pela norma ABNT NBR 16143
B42: UFV-M-41 | C42: Finalizada | D42: 03.676.002/0001-93 | F42: 45491 | G42: 45491 | H42: 45492 | I42: Madtrat | J42: Santa Cruz do Rio Pardo | K42: SP | L42: Madeira | M42: qualidade@madtrat.com.br | N42: CCA - C | O42: Bagueta | P42: Citriodora | Q42: VCS0005 | X42: Mourões | Y42: =IF(X42='Listas suspensas'!$A$21,'Listas suspensas'!$B$23,IF(X42='Listas suspensas'!$A$22,'Listas suspensas'!$B$23,IF(X42='Listas suspensas'!$A$23,'Listas suspensas'!$B$22,IF(X42='Listas suspensas'!$A$26,'Listas suspensas'!$B$22,IF(X42='Listas suspensas'!$A$32,'Listas suspensas'!$B$22,IF(X42='Listas suspensas'!$A$33,'Listas suspensas'!$B$21,IF(X42='Listas suspensas'!$A$24,'Listas suspensas'!$B$22,IF(X42='Listas suspensas'!$A$30,'Listas suspensas'!$B$21,"")))))))) -> 6.5 | Z42: NBR 16143 | AA42: 1 | AB42: =IF(AA42='Listas suspensas'!$A$2,'Listas suspensas'!$B$2,IF(AA42='Listas suspensas'!$A$3,'Listas suspensas'!$B$3,IF(AA42='Listas suspensas'!$A$4,'Listas suspensas'!$B$4,IF(AA42='Listas suspensas'!$A$5,'Listas suspensas'!$B$5,IF(AA42='Listas suspensas'!$A$6,'Listas suspensas'!$B$6,""))))) -> Profunda e regular | AC42: =IF(AA42='Listas suspensas'!$A$2,'Listas suspensas'!$C$2,IF(AA42='Listas suspensas'!$A$3,'Listas suspensas'!$C$3,IF(AA42='Listas suspensas'!$A$4,'Listas suspensas'!$C$4,IF(AA42='Listas suspensas'!$A$5,'Listas suspensas'!$C$5,IF(AA42='Listas suspensas'!$A$6,'Listas suspensas'!$C$6,""))))) -> Indica a penetração profunda e uniforme em toda a extensão do alburno. | AK42: 11.99 | AL42: 11.98 | AM42: 11.93 | AN42: 11.93 | AO42: 11.98 | AP42: =AVERAGE(AK42:AO42)/10 -> 1.1962 | AQ42: 26.94 | AR42: 26.62 | AS42: 24.79 | AT42: 24.78 | AU42: 25.36 | AV42: =AVERAGE(AQ42:AU42)/10 -> 2.5698 | AW42: 2.509 | AX42: 2.4959 | AY42: 2.2988 | AZ42: 2.3479 | BA42: 2.4339 | BB42: =AVERAGE(AW42:BA42) -> 2.4171 | BC42: =PI()*(AP42/2)^2*AV42 -> 2.8879974 | BE42: =(BB42/BC42)*1000 -> 836.94673 | BF42: 0.276 | BG42: 0.161 | BH42: 0.303 | BI42: =SUM(BF42:BH42) -> 0.74 | BJ42: 37.3 | BK42: 21.7 | BL42: 41 | BM42: =ROUND(SUM(BJ42:BL42),2) -> 100 | BN42: =ROUND((BF42/100)*BE42,2) -> 2.31 | BO42: =ROUND((BG42/100)*BE42,2) -> 1.35 | BP42: =ROUND((BH42/100)*BE42,2) -> 2.54 | BQ42: =ROUND(SUM(BN42:BP42),2) -> 6.2 | BR42: =IF(OR(AND(X42="Mourões", BQ42>=6.5),AND(X42="Postes", BQ42>=9.6),AND(X42="Dormentes", BQ42>=9.6),AND(X42="Estacas", BQ42>=6.5),AND(X42="Cruzetas", BQ42>=6.5),AND(X42="Outros - Solo", BQ42>=6.5),AND(X42="Outros - Suspenso",BQ42>=4),AND(X42="Deck",BQ42>=4)),'Listas suspensas'!$C$21,'Listas suspensas'!$C$22) -> Os resultados da análise química apresentaram uma retenção do produto inferior ao padrão mínimo exigido pela norma ABNT NBR 16143
B43: UFV-M-42 | C43: Finalizada | D43: 94.789.468/0001-50 | F43: 45491 | G43: 45492 | H43: 45496 | I43: Rasip Alimentos LTDA | J43: Vacaria | K43: RS | L43: Madeira | M43: julio.andrighetti@rar.ind.br | N43: CCA - C | O43: Torete | P43: Sem identificação | Q43: Palanque cabeceira | X43: Mourões | Y43: =IF(X43='Listas suspensas'!$A$21,'Listas suspensas'!$B$23,IF(X43='Listas suspensas'!$A$22,'Listas suspensas'!$B$23,IF(X43='Listas suspensas'!$A$23,'Listas suspensas'!$B$22,IF(X43='Listas suspensas'!$A$26,'Listas suspensas'!$B$22,IF(X43='Listas suspensas'!$A$32,'Listas suspensas'!$B$22,IF(X43='Listas suspensas'!$A$33,'Listas suspensas'!$B$21,IF(X43='Listas suspensas'!$A$24,'Listas suspensas'!$B$22,IF(X43='Listas suspensas'!$A$30,'Listas suspensas'!$B$21,"")))))))) -> 6.5 | Z43: NBR 16143 | AA43: 2 | AB43: =IF(AA43='Listas suspensas'!$A$2,'Listas suspensas'!$B$2,IF(AA43='Listas suspensas'!$A$3,'Listas suspensas'!$B$3,IF(AA43='Listas suspensas'!$A$4,'Listas suspensas'!$B$4,IF(AA43='Listas suspensas'!$A$5,'Listas suspensas'!$B$5,IF(AA43='Listas suspensas'!$A$6,'Listas suspensas'!$B$6,""))))) -> Profunda e irregular | AC43: =IF(AA43='Listas suspensas'!$A$2,'Listas suspensas'!$C$2,IF(AA43='Listas suspensas'!$A$3,'Listas suspensas'!$C$3,IF(AA43='Listas suspensas'!$A$4,'Listas suspensas'!$C$4,IF(AA43='Listas suspensas'!$A$5,'Listas suspensas'!$C$5,IF(AA43='Listas suspensas'!$A$6,'Listas suspensas'!$C$6,""))))) -> Indica a penetração profunda, mas desuniforme em toda a extensão do alburno. | AK43: 11.74 | AL43: 11.71 | AM43: 11.89 | AN43: 11.74 | AO43: 11.77 | AP43: =AVERAGE(AK43:AO43)/10 -> 1.177 | AQ43: 16.03 | AR43: 15.27 | AS43: 17.97 | AT43: 19.49 | AU43: 19.48 | AV43: =AVERAGE(AQ43:AU43)/10 -> 1.7648 | AW43: 1.119 | AX43: 1.0727 | AY43: 1.2677 | AZ43: 1.4014 | BA43: 1.4073 | BB43: =AVERAGE(AW43:BA43) -> 1.25362 | BC43: =PI()*(AP43/2)^2*AV43 -> 1.9201639 | BE43: =(BB43/BC43)*1000 -> 652.87135 | BF43: 0.472 | BG43: 0.225 | BH43: 0.431 | BI43: =SUM(BF43:BH43) -> 1.128 | BJ43: 41.8 | BK43: 20 | BL43: 38.2 | BM43: =ROUND(SUM(BJ43:BL43),2) -> 100 | BN43: =ROUND((BF43/100)*BE43,2) -> 3.08 | BO43: =ROUND((BG43/100)*BE43,2) -> 1.47 | BP43: =ROUND((BH43/100)*BE43,2) -> 2.81 | BQ43: =ROUND(SUM(BN43:BP43),2) -> 7.36 | BR43: =IF(OR(AND(X43="Mourões", BQ43>=6.5),AND(X43="Postes", BQ43>=9.6),AND(X43="Dormentes", BQ43>=9.6),AND(X43="Estacas", BQ43>=6.5),AND(X43="Cruzetas", BQ43>=6.5),AND(X43="Outros - Solo", BQ43>=6.5),AND(X43="Outros - Suspenso",BQ43>=4),AND(X43="Deck",BQ43>=4)),'Listas suspensas'!$C$21,'Listas suspensas'!$C$22) -> Os resultados da análise química apresentaram uma retenção do produto de acordo com o padrão mínimo exigido pela norma ABNT NBR 16143
B44: UFV-M-43 | C44: Finalizada | D44: 94.789.468/0001-50 | F44: 45491 | G44: 45492 | H44: 45496 | I44: Rasip Alimentos LTDA | J44: Vacaria | K44: RS | L44: Madeira | M44: julio.andrighetti@rar.ind.br | N44: CCA - C | O44: Torete | P44: Sem identificação | Q44: Palanque meio | X44: Mourões | Y44: =IF(X44='Listas suspensas'!$A$21,'Listas suspensas'!$B$23,IF(X44='Listas suspensas'!$A$22,'Listas suspensas'!$B$23,IF(X44='Listas suspensas'!$A$23,'Listas suspensas'!$B$22,IF(X44='Listas suspensas'!$A$26,'Listas suspensas'!$B$22,IF(X44='Listas suspensas'!$A$32,'Listas suspensas'!$B$22,IF(X44='Listas suspensas'!$A$33,'Listas suspensas'!$B$21,IF(X44='Listas suspensas'!$A$24,'Listas suspensas'!$B$22,IF(X44='Listas suspensas'!$A$30,'Listas suspensas'!$B$21,"")))))))) -> 6.5 | Z44: NBR 16143 | AA44: 1 | AB44: =IF(AA44='Listas suspensas'!$A$2,'Listas suspensas'!$B$2,IF(AA44='Listas suspensas'!$A$3,'Listas suspensas'!$B$3,IF(AA44='Listas suspensas'!$A$4,'Listas suspensas'!$B$4,IF(AA44='Listas suspensas'!$A$5,'Listas suspensas'!$B$5,IF(AA44='Listas suspensas'!$A$6,'Listas suspensas'!$B$6,""))))) -> Profunda e regular | AC44: =IF(AA44='Listas suspensas'!$A$2,'Listas suspensas'!$C$2,IF(AA44='Listas suspensas'!$A$3,'Listas suspensas'!$C$3,IF(AA44='Listas suspensas'!$A$4,'Listas suspensas'!$C$4,IF(AA44='Listas suspensas'!$A$5,'Listas suspensas'!$C$5,IF(AA44='Listas suspensas'!$A$6,'Listas suspensas'!$C$6,""))))) -> Indica a penetração profunda e uniforme em toda a extensão do alburno. | AK44: 11.69 | AL44: 11.76 | AM44: 11.67 | AN44: 11.78 | AO44: 11.72 | AP44: =AVERAGE(AK44:AO44)/10 -> 1.1724 | AQ44: 13.94 | AR44: 13.51 | AS44: 12.5 | AT44: 12.64 | AU44: 13.04 | AV44: =AVERAGE(AQ44:AU44)/10 -> 1.3126 | AW44: 0.8131 | AX44: 0.7818 | AY44: 0.7459 | AZ44: 0.833 | BA44: 0.7849 | BB44: =AVERAGE(AW44:BA44) -> 0.79174 | BC44: =PI()*(AP44/2)^2*AV44 -> 1.4170132 | BE44: =(BB44/BC44)*1000 -> 558.73861 | BF44: 0.796 | BG44: 0.321 | BH44: 0.559 | BI44: =SUM(BF44:BH44) -> 1.676 | BJ44: 47.5 | BK44: 19.1 | BL44: 33.4 | BM44: =ROUND(SUM(BJ44:BL44),2) -> 100 | BN44: =ROUND((BF44/100)*BE44,2) -> 4.45 | BO44: =ROUND((BG44/100)*BE44,2) -> 1.79 | BP44: =ROUND((BH44/100)*BE44,2) -> 3.12 | BQ44: =ROUND(SUM(BN44:BP44),2) -> 9.36 | BR44: =IF(OR(AND(X44="Mourões", BQ44>=6.5),AND(X44="Postes", BQ44>=9.6),AND(X44="Dormentes", BQ44>=9.6),AND(X44="Estacas", BQ44>=6.5),AND(X44="Cruzetas", BQ44>=6.5),AND(X44="Outros - Solo", BQ44>=6.5),AND(X44="Outros - Suspenso",BQ44>=4),AND(X44="Deck",BQ44>=4)),'Listas suspensas'!$C$21,'Listas suspensas'!$C$22) -> Os resultados da análise química apresentaram uma retenção do produto de acordo com o padrão mínimo exigido pela norma ABNT NBR 16143
B45: UFV-M-44 | C45: Finalizada | D45: 12.596.339/0001-81 | F45: 45518 | G45: 45518 | H45: 45518 | I45: Madimune | J45: Coxim | K45: MS | L45: Madeira | M45: madimunecoxim@gmail.com | N45: CCA - C | O45: Bagueta | P45: Eucalyptus | Q45: 19/24 | X45: Mourões | Y45: =IF(X45='Listas suspensas'!$A$21,'Listas suspensas'!$B$23,IF(X45='Listas suspensas'!$A$22,'Listas suspensas'!$B$23,IF(X45='Listas suspensas'!$A$23,'Listas suspensas'!$B$22,IF(X45='Listas suspensas'!$A$26,'Listas suspensas'!$B$22,IF(X45='Listas suspensas'!$A$32,'Listas suspensas'!$B$22,IF(X45='Listas suspensas'!$A$33,'Listas suspensas'!$B$21,IF(X45='Listas suspensas'!$A$24,'Listas suspensas'!$B$22,IF(X45='Listas suspensas'!$A$30,'Listas suspensas'!$B$21,"")))))))) -> 6.5 | Z45: NBR 16143 | AA45: 1 | AB45: =IF(AA45='Listas suspensas'!$A$2,'Listas suspensas'!$B$2,IF(AA45='Listas suspensas'!$A$3,'Listas suspensas'!$B$3,IF(AA45='Listas suspensas'!$A$4,'Listas suspensas'!$B$4,IF(AA45='Listas suspensas'!$A$5,'Listas suspensas'!$B$5,IF(AA45='Listas suspensas'!$A$6,'Listas suspensas'!$B$6,""))))) -> Profunda e regular | AC45: =IF(AA45='Listas suspensas'!$A$2,'Listas suspensas'!$C$2,IF(AA45='Listas suspensas'!$A$3,'Listas suspensas'!$C$3,IF(AA45='Listas suspensas'!$A$4,'Listas suspensas'!$C$4,IF(AA45='Listas suspensas'!$A$5,'Listas suspensas'!$C$5,IF(AA45='Listas suspensas'!$A$6,'Listas suspensas'!$C$6,""))))) -> Indica a penetração profunda e uniforme em toda a extensão do alburno. | AK45: 11.76 | AL45: 11.78 | AM45: 11.84 | AN45: 11.85 | AO45: 11.79 | AP45: =AVERAGE(AK45:AO45)/10 -> 1.1804 | AQ45: 28.32 | AR45: 27.45 | AS45: 28.7 | AT45: 27.7 | AU45: 26.77 | AV45: =AVERAGE(AQ45:AU45)/10 -> 2.7788 | AW45: 2.5222 | AX45: 2.4446 | AY45: 2.5494 | AZ45: 2.4809 | BA45: 2.359 | BB45: =AVERAGE(AW45:BA45) -> 2.47122 | BC45: =PI()*(AP45/2)^2*AV45 -> 3.040924 | BE45: =(BB45/BC45)*1000 -> 812.6543 | BF45: 0.376 | BG45: 0.206 | BH45: 0.378 | BI45: =SUM(BF45:BH45) -> 0.96 | BJ45: 39.2 | BK45: 21.4 | BL45: 39.4 | BM45: =ROUND(SUM(BJ45:BL45),2) -> 100 | BN45: =ROUND((BF45/100)*BE45,2) -> 3.06 | BO45: =ROUND((BG45/100)*BE45,2) -> 1.67 | BP45: =ROUND((BH45/100)*BE45,2) -> 3.07 | BQ45: =ROUND(SUM(BN45:BP45),2) -> 7.8 | BR45: =IF(OR(AND(X45="Mourões", BQ45>=6.5),AND(X45="Postes", BQ45>=9.6),AND(X45="Dormentes", BQ45>=9.6),AND(X45="Estacas", BQ45>=6.5),AND(X45="Cruzetas", BQ45>=6.5),AND(X45="Outros - Solo", BQ45>=6.5),AND(X45="Outros - Suspenso",BQ45>=4),AND(X45="Deck",BQ45>=4)),'Listas suspensas'!$C$21,'Listas suspensas'!$C$22) -> Os resultados da análise química apresentaram uma retenção do produto de acordo com o padrão mínimo exigido pela norma ABNT NBR 16143
B46: UFV-M-45 | C46: Finalizada | D46: 12.596.339/0001-81 | F46: 45525 | G46: 45525 | H46: 45527 | I46: Madimune | J46: Coxim | K46: MS | L46: Madeira | M46: madimunecoxim@gmail.com | N46: CCA - C | O46: Bagueta | P46: Eucalyptus | Q46: 20/24 | X46: Mourões | Y46: =IF(X46='Listas suspensas'!$A$21,'Listas suspensas'!$B$23,IF(X46='Listas suspensas'!$A$22,'Listas suspensas'!$B$23,IF(X46='Listas suspensas'!$A$23,'Listas suspensas'!$B$22,IF(X46='Listas suspensas'!$A$26,'Listas suspensas'!$B$22,IF(X46='Listas suspensas'!$A$32,'Listas suspensas'!$B$22,IF(X46='Listas suspensas'!$A$33,'Listas suspensas'!$B$21,IF(X46='Listas suspensas'!$A$24,'Listas suspensas'!$B$22,IF(X46='Listas suspensas'!$A$30,'Listas suspensas'!$B$21,"")))))))) -> 6.5 | Z46: NBR 16143 | AA46: 1 | AB46: =IF(AA46='Listas suspensas'!$A$2,'Listas suspensas'!$B$2,IF(AA46='Listas suspensas'!$A$3,'Listas suspensas'!$B$3,IF(AA46='Listas suspensas'!$A$4,'Listas suspensas'!$B$4,IF(AA46='Listas suspensas'!$A$5,'Listas suspensas'!$B$5,IF(AA46='Listas suspensas'!$A$6,'Listas suspensas'!$B$6,""))))) -> Profunda e regular | AC46: =IF(AA46='Listas suspensas'!$A$2,'Listas suspensas'!$C$2,IF(AA46='Listas suspensas'!$A$3,'Listas suspensas'!$C$3,IF(AA46='Listas suspensas'!$A$4,'Listas suspensas'!$C$4,IF(AA46='Listas suspensas'!$A$5,'Listas suspensas'!$C$5,IF(AA46='Listas suspensas'!$A$6,'Listas suspensas'!$C$6,""))))) -> Indica a penetração profunda e uniforme em toda a extensão do alburno. | AK46: 11.58 | AL46: 11.64 | AM46: 11.68 | AN46: 11.63 | AO46: 11.82 | AP46: =AVERAGE(AK46:AO46)/10 -> 1.167 | AQ46: 22.72 | AR46: 27.48 | AS46: 23.19 | AT46: 22.62 | AU46: 29.39 | AV46: =AVERAGE(AQ46:AU46)/10 -> 2.508 | AW46: 2.0253 | AX46: 2.3976 | AY46: 2.065 | AZ46: 1.9622 | BA46: 2.5151 | BB46: =AVERAGE(AW46:BA46) -> 2.19304 | BC46: =PI()*(AP46/2)^2*AV46 -> 2.6826198 | BE46: =(BB46/BC46)*1000 -> 817.49937 | BF46: 0.39 | BG46: 0.201 | BH46: 0.358 | BI46: =SUM(BF46:BH46) -> 0.949 | BJ46: 41.1 | BK46: 21.2 | BL46: 37.7 | BM46: =ROUND(SUM(BJ46:BL46),2) -> 100 | BN46: =ROUND((BF46/100)*BE46,2) -> 3.19 | BO46: =ROUND((BG46/100)*BE46,2) -> 1.64 | BP46: =ROUND((BH46/100)*BE46,2) -> 2.93 | BQ46: =ROUND(SUM(BN46:BP46),2) -> 7.76 | BR46: =IF(OR(AND(X46="Mourões", BQ46>=6.5),AND(X46="Postes", BQ46>=9.6),AND(X46="Dormentes", BQ46>=9.6),AND(X46="Estacas", BQ46>=6.5),AND(X46="Cruzetas", BQ46>=6.5),AND(X46="Outros - Solo", BQ46>=6.5),AND(X46="Outros - Suspenso",BQ46>=4),AND(X46="Deck",BQ46>=4)),'Listas suspensas'!$C$21,'Listas suspensas'!$C$22) -> Os resultados da análise química apresentaram uma retenção do produto de acordo com o padrão mínimo exigido pela norma ABNT NBR 16143
B47: UFV-M-46 | C47: Finalizada | F47: 45546 | G47: 45546 | H47: 45548 | I47: Utramad Madeiras LTDA | J47: Capelinha | K47: MG | L47: Madeira | M47: secretaria@utramadmg.com | N47: CCA - C | O47: Torete | P47: Cloeziana | Q47: 06/08 | X47: Mourões | Y47: =IF(X47='Listas suspensas'!$A$21,'Listas suspensas'!$B$23,IF(X47='Listas suspensas'!$A$22,'Listas suspensas'!$B$23,IF(X47='Listas suspensas'!$A$23,'Listas suspensas'!$B$22,IF(X47='Listas suspensas'!$A$26,'Listas suspensas'!$B$22,IF(X47='Listas suspensas'!$A$32,'Listas suspensas'!$B$22,IF(X47='Listas suspensas'!$A$33,'Listas suspensas'!$B$21,IF(X47='Listas suspensas'!$A$24,'Listas suspensas'!$B$22,IF(X47='Listas suspensas'!$A$30,'Listas suspensas'!$B$21,"")))))))) -> 6.5 | Z47: NBR 16143 | AA47: 5 | AB47: =IF(AA47='Listas suspensas'!$A$2,'Listas suspensas'!$B$2,IF(AA47='Listas suspensas'!$A$3,'Listas suspensas'!$B$3,IF(AA47='Listas suspensas'!$A$4,'Listas suspensas'!$B$4,IF(AA47='Listas suspensas'!$A$5,'Listas suspensas'!$B$5,IF(AA47='Listas suspensas'!$A$6,'Listas suspensas'!$B$6,""))))) -> Sem Reação do Cromoazurol | AC47: =IF(AA47='Listas suspensas'!$A$2,'Listas suspensas'!$C$2,IF(AA47='Listas suspensas'!$A$3,'Listas suspensas'!$C$3,IF(AA47='Listas suspensas'!$A$4,'Listas suspensas'!$C$4,IF(AA47='Listas suspensas'!$A$5,'Listas suspensas'!$C$5,IF(AA47='Listas suspensas'!$A$6,'Listas suspensas'!$C$6,""))))) -> Sem Reação do Cromoazurol | AK47: 11.76 | AL47: 11.86 | AM47: 11.5 | AN47: 11.8 | AO47: 11.6 | AP47: =AVERAGE(AK47:AO47)/10 -> 1.1704 | AQ47: 10.53 | AR47: 9.49 | AS47: 9.88 | AT47: 11.42 | AU47: 10.31 | AV47: =AVERAGE(AQ47:AU47)/10 -> 1.0326 | AW47: 0.6923 | AX47: 0.6148 | AY47: 0.6352 | AZ47: 0.7289 | BA47: 0.6629 | BB47: =AVERAGE(AW47:BA47) -> 0.66682 | BC47: =PI()*(AP47/2)^2*AV47 -> 1.1109401 | BE47: =(BB47/BC47)*1000 -> 600.2304 | BF47: 0.212 | BG47: 0.127 | BH47: 0.224 | BI47: =SUM(BF47:BH47) -> 0.563 | BJ47: 37.7 | BK47: 22.6 | BL47: 39.7 | BM47: =ROUND(SUM(BJ47:BL47),2) -> 100 | BN47: =ROUND((BF47/100)*BE47,2) -> 1.27 | BO47: =ROUND((BG47/100)*BE47,2) -> 0.76 | BP47: =ROUND((BH47/100)*BE47,2) -> 1.34 | BQ47: =ROUND(SUM(BN47:BP47),2) -> 3.37 | BR47: =IF(OR(AND(X47="Mourões", BQ47>=6.5),AND(X47="Postes", BQ47>=9.6),AND(X47="Dormentes", BQ47>=9.6),AND(X47="Estacas", BQ47>=6.5),AND(X47="Cruzetas", BQ47>=6.5),AND(X47="Outros - Solo", BQ47>=6.5),AND(X47="Outros - Suspenso",BQ47>=4),AND(X47="Deck",BQ47>=4)),'Listas suspensas'!$C$21,'Listas suspensas'!$C$22) -> Os resultados da análise química apresentaram uma retenção do produto inferior ao padrão mínimo exigido pela norma ABNT NBR 16143
B48: UFV-M-47 | C48: Finalizada | F48: 45546 | G48: 45546 | H48: 45548 | I48: Utramad Madeiras LTDA | J48: Capelinha | K48: MG | L48: Madeira | M48: secretaria@utramadmg.com | N48: CCA - C | O48: Torete | P48: Cloeziana | Q48: 10/12 | X48: Mourões | Y48: =IF(X48='Listas suspensas'!$A$21,'Listas suspensas'!$B$23,IF(X48='Listas suspensas'!$A$22,'Listas suspensas'!$B$23,IF(X48='Listas suspensas'!$A$23,'Listas suspensas'!$B$22,IF(X48='Listas suspensas'!$A$26,'Listas suspensas'!$B$22,IF(X48='Listas suspensas'!$A$32,'Listas suspensas'!$B$22,IF(X48='Listas suspensas'!$A$33,'Listas suspensas'!$B$21,IF(X48='Listas suspensas'!$A$24,'Listas suspensas'!$B$22,IF(X48='Listas suspensas'!$A$30,'Listas suspensas'!$B$21,"")))))))) -> 6.5 | Z48: NBR 16143 | AA48: 5 | AB48: =IF(AA48='Listas suspensas'!$A$2,'Listas suspensas'!$B$2,IF(AA48='Listas suspensas'!$A$3,'Listas suspensas'!$B$3,IF(AA48='Listas suspensas'!$A$4,'Listas suspensas'!$B$4,IF(AA48='Listas suspensas'!$A$5,'Listas suspensas'!$B$5,IF(AA48='Listas suspensas'!$A$6,'Listas suspensas'!$B$6,""))))) -> Sem Reação do Cromoazurol | AC48: =IF(AA48='Listas suspensas'!$A$2,'Listas suspensas'!$C$2,IF(AA48='Listas suspensas'!$A$3,'Listas suspensas'!$C$3,IF(AA48='Listas suspensas'!$A$4,'Listas suspensas'!$C$4,IF(AA48='Listas suspensas'!$A$5,'Listas suspensas'!$C$5,IF(AA48='Listas suspensas'!$A$6,'Listas suspensas'!$C$6,""))))) -> Sem Reação do Cromoazurol | AK48: 11.45 | AL48: 11.73 | AM48: 11.37 | AN48: 11.85 | AO48: 11.85 | AP48: =AVERAGE(AK48:AO48)/10 -> 1.165 | AQ48: 8.69 | AR48: 9.03 | AS48: 8.54 | AT48: 10.03 | AU48: 8.28 | AV48: =AVERAGE(AQ48:AU48)/10 -> 0.8914 | AW48: 0.6585 | AX48: 0.6672 | AY48: 0.6074 | AZ48: 0.7497 | BA48: 0.6154 | BB48: =AVERAGE(AW48:BA48) -> 0.65964 | BC48: =PI()*(AP48/2)^2*AV48 -> 0.95019855 | BE48: =(BB48/BC48)*1000 -> 694.21281 | BF48: 0.159 | BG48: 0.089 | BH48: 0.166 | BI48: =SUM(BF48:BH48) -> 0.414 | BJ48: 38.4 | BK48: 21.6 | BL48: 40 | BM48: =ROUND(SUM(BJ48:BL48),2) -> 100 | BN48: =ROUND((BF48/100)*BE48,2) -> 1.1 | BO48: =ROUND((BG48/100)*BE48,2) -> 0.62 | BP48: =ROUND((BH48/100)*BE48,2) -> 1.15 | BQ48: =ROUND(SUM(BN48:BP48),2) -> 2.87 | BR48: =IF(OR(AND(X48="Mourões", BQ48>=6.5),AND(X48="Postes", BQ48>=9.6),AND(X48="Dormentes", BQ48>=9.6),AND(X48="Estacas", BQ48>=6.5),AND(X48="Cruzetas", BQ48>=6.5),AND(X48="Outros - Solo", BQ48>=6.5),AND(X48="Outros - Suspenso",BQ48>=4),AND(X48="Deck",BQ48>=4)),'Listas suspensas'!$C$21,'Listas suspensas'!$C$22) -> Os resultados da análise química apresentaram uma retenção do produto inferior ao padrão mínimo exigido pela norma ABNT NBR 16143
B49: UFV-M-48 | C49: Finalizada | F49: 45546 | G49: 45546 | H49: 45548 | I49: Utramad Madeiras LTDA | J49: Capelinha | K49: MG | L49: Madeira | M49: secretaria@utramadmg.com | N49: CCA - C | O49: Torete | P49: Cloeziana | Q49: 12/14 | X49: Mourões | Y49: =IF(X49='Listas suspensas'!$A$21,'Listas suspensas'!$B$23,IF(X49='Listas suspensas'!$A$22,'Listas suspensas'!$B$23,IF(X49='Listas suspensas'!$A$23,'Listas suspensas'!$B$22,IF(X49='Listas suspensas'!$A$26,'Listas suspensas'!$B$22,IF(X49='Listas suspensas'!$A$32,'Listas suspensas'!$B$22,IF(X49='Listas suspensas'!$A$33,'Listas suspensas'!$B$21,IF(X49='Listas suspensas'!$A$24,'Listas suspensas'!$B$22,IF(X49='Listas suspensas'!$A$30,'Listas suspensas'!$B$21,"")))))))) -> 6.5 | Z49: NBR 16143 | AA49: 5 | AB49: =IF(AA49='Listas suspensas'!$A$2,'Listas suspensas'!$B$2,IF(AA49='Listas suspensas'!$A$3,'Listas suspensas'!$B$3,IF(AA49='Listas suspensas'!$A$4,'Listas suspensas'!$B$4,IF(AA49='Listas suspensas'!$A$5,'Listas suspensas'!$B$5,IF(AA49='Listas suspensas'!$A$6,'Listas suspensas'!$B$6,""))))) -> Sem Reação do Cromoazurol | AC49: =IF(AA49='Listas suspensas'!$A$2,'Listas suspensas'!$C$2,IF(AA49='Listas suspensas'!$A$3,'Listas suspensas'!$C$3,IF(AA49='Listas suspensas'!$A$4,'Listas suspensas'!$C$4,IF(AA49='Listas suspensas'!$A$5,'Listas suspensas'!$C$5,IF(AA49='Listas suspensas'!$A$6,'Listas suspensas'!$C$6,""))))) -> Sem Reação do Cromoazurol | AK49: 11.8 | AL49: 11.84 | AM49: 11.74 | AN49: 11.72 | AO49: 11.84 | AP49: =AVERAGE(AK49:AO49)/10 -> 1.1788 | AQ49: 10.71 | AR49: 11.27 | AS49: 8.2 | AT49: 10 | AU49: 6.7 | AV49: =AVERAGE(AQ49:AU49)/10 -> 0.9376 | AW49: 0.884 | AX49: 0.8535 | AY49: 0.6452 | AZ49: 0.7734 | BA49: 0.5211 | BB49: =AVERAGE(AW49:BA49) -> 0.73544 | BC49: =PI()*(AP49/2)^2*AV49 -> 1.0232641 | BE49: =(BB49/BC49)*1000 -> 718.71964 | BF49: 0.242 | BG49: 0.107 | BH49: 0.19 | BI49: =SUM(BF49:BH49) -> 0.539 | BJ49: 44.8 | BK49: 19.9 | BL49: 35.3 | BM49: =ROUND(SUM(BJ49:BL49),2) -> 100 | BN49: =ROUND((BF49/100)*BE49,2) -> 1.74 | BO49: =ROUND((BG49/100)*BE49,2) -> 0.77 | BP49: =ROUND((BH49/100)*BE49,2) -> 1.37 | BQ49: =ROUND(SUM(BN49:BP49),2) -> 3.88 | BR49: =IF(OR(AND(X49="Mourões", BQ49>=6.5),AND(X49="Postes", BQ49>=9.6),AND(X49="Dormentes", BQ49>=9.6),AND(X49="Estacas", BQ49>=6.5),AND(X49="Cruzetas", BQ49>=6.5),AND(X49="Outros - Solo", BQ49>=6.5),AND(X49="Outros - Suspenso",BQ49>=4),AND(X49="Deck",BQ49>=4)),'Listas suspensas'!$C$21,'Listas suspensas'!$C$22) -> Os resultados da análise química apresentaram uma retenção do produto inferior ao padrão mínimo exigido pela norma ABNT NBR 16143
B50: UFV-M-49 | C50: Finalizada | F50: 45546 | G50: 45546 | H50: 45548 | I50: Utramad Madeiras LTDA | J50: Capelinha | K50: MG | L50: Madeira | M50: secretaria@utramadmg.com | N50: CCA - C | O50: Torete | P50: Cloeziana | Q50: 14/16 | X50: Mourões | Y50: =IF(X50='Listas suspensas'!$A$21,'Listas suspensas'!$B$23,IF(X50='Listas suspensas'!$A$22,'Listas suspensas'!$B$23,IF(X50='Listas suspensas'!$A$23,'Listas suspensas'!$B$22,IF(X50='Listas suspensas'!$A$26,'Listas suspensas'!$B$22,IF(X50='Listas suspensas'!$A$32,'Listas suspensas'!$B$22,IF(X50='Listas suspensas'!$A$33,'Listas suspensas'!$B$21,IF(X50='Listas suspensas'!$A$24,'Listas suspensas'!$B$22,IF(X50='Listas suspensas'!$A$30,'Listas suspensas'!$B$21,"")))))))) -> 6.5 | Z50: NBR 16143 | AA50: 5 | AB50: =IF(AA50='Listas suspensas'!$A$2,'Listas suspensas'!$B$2,IF(AA50='Listas suspensas'!$A$3,'Listas suspensas'!$B$3,IF(AA50='Listas suspensas'!$A$4,'Listas suspensas'!$B$4,IF(AA50='Listas suspensas'!$A$5,'Listas suspensas'!$B$5,IF(AA50='Listas suspensas'!$A$6,'Listas suspensas'!$B$6,""))))) -> Sem Reação do Cromoazurol | AC50: =IF(AA50='Listas suspensas'!$A$2,'Listas suspensas'!$C$2,IF(AA50='Listas suspensas'!$A$3,'Listas suspensas'!$C$3,IF(AA50='Listas suspensas'!$A$4,'Listas suspensas'!$C$4,IF(AA50='Listas suspensas'!$A$5,'Listas suspensas'!$C$5,IF(AA50='Listas suspensas'!$A$6,'Listas suspensas'!$C$6,""))))) -> Sem Reação do Cromoazurol | AK50: 11.89 | AL50: 11.87 | AM50: 11.9 | AN50: 11.94 | AO50: 11.87 | AP50: =AVERAGE(AK50:AO50)/10 -> 1.1894 | AQ50: 10.79 | AR50: 11.43 | AS50: 9.18 | AT50: 11.97 | AU50: 10.45 | AV50: =AVERAGE(AQ50:AU50)/10 -> 1.0764 | AW50: 1.0019 | AX50: 0.8747 | AY50: 0.6184 | AZ50: 0.9165 | BA50: 0.9105 | BB50: =AVERAGE(AW50:BA50) -> 0.8644 | BC50: =PI()*(AP50/2)^2*AV50 -> 1.1959677 | BE50: =(BB50/BC50)*1000 -> 722.76201 | BF50: 0.192 | BG50: 0.108 | BH50: 0.176 | BI50: =SUM(BF50:BH50) -> 0.476 | BJ50: 40.3 | BK50: 22.6 | BL50: 37.1 | BM50: =ROUND(SUM(BJ50:BL50),2) -> 100 | BN50: =ROUND((BF50/100)*BE50,2) -> 1.39 | BO50: =ROUND((BG50/100)*BE50,2) -> 0.78 | BP50: =ROUND((BH50/100)*BE50,2) -> 1.27 | BQ50: =ROUND(SUM(BN50:BP50),2) -> 3.44 | BR50: =IF(OR(AND(X50="Mourões", BQ50>=6.5),AND(X50="Postes", BQ50>=9.6),AND(X50="Dormentes", BQ50>=9.6),AND(X50="Estacas", BQ50>=6.5),AND(X50="Cruzetas", BQ50>=6.5),AND(X50="Outros - Solo", BQ50>=6.5),AND(X50="Outros - Suspenso",BQ50>=4),AND(X50="Deck",BQ50>=4)),'Listas suspensas'!$C$21,'Listas suspensas'!$C$22) -> Os resultados da análise química apresentaram uma retenção do produto inferior ao padrão mínimo exigido pela norma ABNT NBR 16143
B51: UFV-M-50 | C51: Finalizada | D51: 03.676.002/0001-93 | F51: 45559 | G51: 45559 | H51: 45560 | I51: Madtrat | J51: Santa Cruz do Rio Pardo | K51: SP | L51: Madeira | M51: qualidade@madtrat.com.br | N51: CCA - C | O51: Bagueta | P51: Citriodora | Q51: VCS0006 | X51: Mourões | Y51: =IF(X51='Listas suspensas'!$A$21,'Listas suspensas'!$B$23,IF(X51='Listas suspensas'!$A$22,'Listas suspensas'!$B$23,IF(X51='Listas suspensas'!$A$23,'Listas suspensas'!$B$22,IF(X51='Listas suspensas'!$A$26,'Listas suspensas'!$B$22,IF(X51='Listas suspensas'!$A$32,'Listas suspensas'!$B$22,IF(X51='Listas suspensas'!$A$33,'Listas suspensas'!$B$21,IF(X51='Listas suspensas'!$A$24,'Listas suspensas'!$B$22,IF(X51='Listas suspensas'!$A$30,'Listas suspensas'!$B$21,"")))))))) -> 6.5 | Z51: NBR 16143 | AA51: 1 | AB51: =IF(AA51='Listas suspensas'!$A$2,'Listas suspensas'!$B$2,IF(AA51='Listas suspensas'!$A$3,'Listas suspensas'!$B$3,IF(AA51='Listas suspensas'!$A$4,'Listas suspensas'!$B$4,IF(AA51='Listas suspensas'!$A$5,'Listas suspensas'!$B$5,IF(AA51='Listas suspensas'!$A$6,'Listas suspensas'!$B$6,""))))) -> Profunda e regular | AC51: =IF(AA51='Listas suspensas'!$A$2,'Listas suspensas'!$C$2,IF(AA51='Listas suspensas'!$A$3,'Listas suspensas'!$C$3,IF(AA51='Listas suspensas'!$A$4,'Listas suspensas'!$C$4,IF(AA51='Listas suspensas'!$A$5,'Listas suspensas'!$C$5,IF(AA51='Listas suspensas'!$A$6,'Listas suspensas'!$C$6,""))))) -> Indica a penetração profunda e uniforme em toda a extensão do alburno. | AK51: 11.98 | AL51: 12 | AM51: 11.98 | AN51: 11.99 | AO51: 11.97 | AP51: =AVERAGE(AK51:AO51)/10 -> 1.1984 | AQ51: 19.22 | AR51: 16.33 | AS51: 19.99 | AT51: 24.05 | AU51: 17.07 | AV51: =AVERAGE(AQ51:AU51)/10 -> 1.9332 | AW51: 1.208 | AX51: 1.4533 | AY51: 1.5563 | AZ51: 2.1335 | BA51: 1.5602 | BB51: =AVERAGE(AW51:BA51) -> 1.58226 | BC51: =PI()*(AP51/2)^2*AV51 -> 2.1805712 | BE51: =(BB51/BC51)*1000 -> 725.61722 | BF51: 0.415 | BG51: 0.21 | BH51: 0.36 | BI51: =SUM(BF51:BH51) -> 0.985 | BJ51: 42.1 | BK51: 21.3 | BL51: 36.6 | BM51: =ROUND(SUM(BJ51:BL51),2) -> 100 | BN51: =ROUND((BF51/100)*BE51,2) -> 3.01 | BO51: =ROUND((BG51/100)*BE51,2) -> 1.52 | BP51: =ROUND((BH51/100)*BE51,2) -> 2.61 | BQ51: =ROUND(SUM(BN51:BP51),2) -> 7.14 | BR51: =IF(OR(AND(X51="Mourões", BQ51>=6.5),AND(X51="Postes", BQ51>=9.6),AND(X51="Dormentes", BQ51>=9.6),AND(X51="Estacas", BQ51>=6.5),AND(X51="Cruzetas", BQ51>=6.5),AND(X51="Outros - Solo", BQ51>=6.5),AND(X51="Outros - Suspenso",BQ51>=4),AND(X51="Deck",BQ51>=4)),'Listas suspensas'!$C$21,'Listas suspensas'!$C$22) -> Os resultados da análise química apresentaram uma retenção do produto de acordo com o padrão mínimo exigido pela norma ABNT NBR 16143
B52: UFV-M-51 | C52: Finalizada | D52: 12.596.339/0001-81 | F52: 45567 | G52: 45568 | H52: 45572 | I52: Madimune | J52: Coxim | K52: MS | L52: Madeira | M52: madimunecoxim@gmail.com | N52: CCA - C | O52: Bagueta | P52: Eucalyptus | Q52: 23/24 | X52: Mourões | Y52: =IF(X52='Listas suspensas'!$A$21,'Listas suspensas'!$B$23,IF(X52='Listas suspensas'!$A$22,'Listas suspensas'!$B$23,IF(X52='Listas suspensas'!$A$23,'Listas suspensas'!$B$22,IF(X52='Listas suspensas'!$A$26,'Listas suspensas'!$B$22,IF(X52='Listas suspensas'!$A$32,'Listas suspensas'!$B$22,IF(X52='Listas suspensas'!$A$33,'Listas suspensas'!$B$21,IF(X52='Listas suspensas'!$A$24,'Listas suspensas'!$B$22,IF(X52='Listas suspensas'!$A$30,'Listas suspensas'!$B$21,"")))))))) -> 6.5 | Z52: NBR 16143 | AA52: 2 | AB52: =IF(AA52='Listas suspensas'!$A$2,'Listas suspensas'!$B$2,IF(AA52='Listas suspensas'!$A$3,'Listas suspensas'!$B$3,IF(AA52='Listas suspensas'!$A$4,'Listas suspensas'!$B$4,IF(AA52='Listas suspensas'!$A$5,'Listas suspensas'!$B$5,IF(AA52='Listas suspensas'!$A$6,'Listas suspensas'!$B$6,""))))) -> Profunda e irregular | AC52: =IF(AA52='Listas suspensas'!$A$2,'Listas suspensas'!$C$2,IF(AA52='Listas suspensas'!$A$3,'Listas suspensas'!$C$3,IF(AA52='Listas suspensas'!$A$4,'Listas suspensas'!$C$4,IF(AA52='Listas suspensas'!$A$5,'Listas suspensas'!$C$5,IF(AA52='Listas suspensas'!$A$6,'Listas suspensas'!$C$6,""))))) -> Indica a penetração profunda, mas desuniforme em toda a extensão do alburno. | AK52: 11.63 | AL52: 11.52 | AM52: 11.78 | AN52: 11.68 | AO52: 11.63 | AP52: =AVERAGE(AK52:AO52)/10 -> 1.1648 | AQ52: 17.1 | AR52: 21.17 | AS52: 21.04 | AT52: 17.21 | AU52: 14.78 | AV52: =AVERAGE(AQ52:AU52)/10 -> 1.826 | AW52: 1.5032 | AX52: 1.8772 | AY52: 1.9008 | AZ52: 1.5262 | BA52: 1.3261 | BB52: =AVERAGE(AW52:BA52) -> 1.6267 | BC52: =PI()*(AP52/2)^2*AV52 -> 1.9457784 | BE52: =(BB52/BC52)*1000 -> 836.01504 | BF52: 0.275 | BG52: 0.153 | BH52: 0.244 | BI52: =SUM(BF52:BH52) -> 0.672 | BJ52: 40.9 | BK52: 22.8 | BL52: 36.3 | BM52: =ROUND(SUM(BJ52:BL52),2) -> 100 | BN52: =ROUND((BF52/100)*BE52,2) -> 2.3 | BO52: =ROUND((BG52/100)*BE52,2) -> 1.28 | BP52: =ROUND((BH52/100)*BE52,2) -> 2.04 | BQ52: =ROUND(SUM(BN52:BP52),2) -> 5.62 | BR52: =IF(OR(AND(X52="Mourões", BQ52>=6.5),AND(X52="Postes", BQ52>=9.6),AND(X52="Dormentes", BQ52>=9.6),AND(X52="Estacas", BQ52>=6.5),AND(X52="Cruzetas", BQ52>=6.5),AND(X52="Outros - Solo", BQ52>=6.5),AND(X52="Outros - Suspenso",BQ52>=4),AND(X52="Deck",BQ52>=4)),'Listas suspensas'!$C$21,'Listas suspensas'!$C$22) -> Os resultados da análise química apresentaram uma retenção do produto inferior ao padrão mínimo exigido pela norma ABNT NBR 16143
B53: UFV-M-52 | C53: Finalizada | F53: 45579 | G53: 45579 | H53: 45580 | I53: Lua Madeira Imunizada | J53: Nova União | K53: MG | L53: Madeira | M53: producao@luamadeira.com.br | N53: CCA - C | O53: Torete | P53: Eucalyptus | Q53: I 2 | X53: Mourões | Y53: =IF(X53='Listas suspensas'!$A$21,'Listas suspensas'!$B$23,IF(X53='Listas suspensas'!$A$22,'Listas suspensas'!$B$23,IF(X53='Listas suspensas'!$A$23,'Listas suspensas'!$B$22,IF(X53='Listas suspensas'!$A$26,'Listas suspensas'!$B$22,IF(X53='Listas suspensas'!$A$32,'Listas suspensas'!$B$22,IF(X53='Listas suspensas'!$A$33,'Listas suspensas'!$B$21,IF(X53='Listas suspensas'!$A$24,'Listas suspensas'!$B$22,IF(X53='Listas suspensas'!$A$30,'Listas suspensas'!$B$21,"")))))))) -> 6.5 | Z53: NBR 16143 | AA53: 2 | AB53: =IF(AA53='Listas suspensas'!$A$2,'Listas suspensas'!$B$2,IF(AA53='Listas suspensas'!$A$3,'Listas suspensas'!$B$3,IF(AA53='Listas suspensas'!$A$4,'Listas suspensas'!$B$4,IF(AA53='Listas suspensas'!$A$5,'Listas suspensas'!$B$5,IF(AA53='Listas suspensas'!$A$6,'Listas suspensas'!$B$6,""))))) -> Profunda e irregular | AC53: =IF(AA53='Listas suspensas'!$A$2,'Listas suspensas'!$C$2,IF(AA53='Listas suspensas'!$A$3,'Listas suspensas'!$C$3,IF(AA53='Listas suspensas'!$A$4,'Listas suspensas'!$C$4,IF(AA53='Listas suspensas'!$A$5,'Listas suspensas'!$C$5,IF(AA53='Listas suspensas'!$A$6,'Listas suspensas'!$C$6,""))))) -> Indica a penetração profunda, mas desuniforme em toda a extensão do alburno. | AK53: 11.38 | AL53: 11.56 | AM53: 11.6 | AN53: 11.64 | AO53: 11.53 | AP53: =AVERAGE(AK53:AO53)/10 -> 1.1542 | AQ53: 12.91 | AR53: 12.22 | AS53: 10.35 | AT53: 12.55 | AU53: 12.24 | AV53: =AVERAGE(AQ53:AU53)/10 -> 1.2054 | AW53: 1.0429 | AX53: 0.9923 | AY53: 0.8724 | AZ53: 1.027 | BA53: 1.0169 | BB53: =AVERAGE(AW53:BA53) -> 0.9903 | BC53: =PI()*(AP53/2)^2*AV53 -> 1.2611978 | BE53: =(BB53/BC53)*1000 -> 785.20593 | BF53: 0.441 | BG53: 0.223 | BH53: 0.44 | BI53: =SUM(BF53:BH53) -> 1.104 | BJ53: 40 | BK53: 20.2 | BL53: 39.8 | BM53: =ROUND(SUM(BJ53:BL53),2) -> 100 | BN53: =ROUND((BF53/100)*BE53,2) -> 3.46 | BO53: =ROUND((BG53/100)*BE53,2) -> 1.75 | BP53: =ROUND((BH53/100)*BE53,2) -> 3.45 | BQ53: =ROUND(SUM(BN53:BP53),2) -> 8.66 | BR53: =IF(OR(AND(X53="Mourões", BQ53>=6.5),AND(X53="Postes", BQ53>=9.6),AND(X53="Dormentes", BQ53>=9.6),AND(X53="Estacas", BQ53>=6.5),AND(X53="Cruzetas", BQ53>=6.5),AND(X53="Outros - Solo", BQ53>=6.5),AND(X53="Outros - Suspenso",BQ53>=4),AND(X53="Deck",BQ53>=4)),'Listas suspensas'!$C$21,'Listas suspensas'!$C$22) -> Os resultados da análise química apresentaram uma retenção do produto de acordo com o padrão mínimo exigido pela norma ABNT NBR 16143
B54: UFV-M-53 | C54: Finalizada | F54: 45579 | G54: 45579 | H54: 45580 | I54: Lua Madeira Imunizada | J54: Nova União | K54: MG | L54: Madeira | M54: producao@luamadeira.com.br | N54: CCA - C | O54: Torete | P54: Eucalyptus | Q54: I 3 | X54: Postes | Y54: =IF(X54='Listas suspensas'!$A$21,'Listas suspensas'!$B$23,IF(X54='Listas suspensas'!$A$22,'Listas suspensas'!$B$23,IF(X54='Listas suspensas'!$A$23,'Listas suspensas'!$B$22,IF(X54='Listas suspensas'!$A$26,'Listas suspensas'!$B$22,IF(X54='Listas suspensas'!$A$32,'Listas suspensas'!$B$22,IF(X54='Listas suspensas'!$A$33,'Listas suspensas'!$B$21,IF(X54='Listas suspensas'!$A$24,'Listas suspensas'!$B$22,IF(X54='Listas suspensas'!$A$30,'Listas suspensas'!$B$21,"")))))))) -> 9.6 | Z54: NBR 16143 | AA54: 1 | AB54: =IF(AA54='Listas suspensas'!$A$2,'Listas suspensas'!$B$2,IF(AA54='Listas suspensas'!$A$3,'Listas suspensas'!$B$3,IF(AA54='Listas suspensas'!$A$4,'Listas suspensas'!$B$4,IF(AA54='Listas suspensas'!$A$5,'Listas suspensas'!$B$5,IF(AA54='Listas suspensas'!$A$6,'Listas suspensas'!$B$6,""))))) -> Profunda e regular | AC54: =IF(AA54='Listas suspensas'!$A$2,'Listas suspensas'!$C$2,IF(AA54='Listas suspensas'!$A$3,'Listas suspensas'!$C$3,IF(AA54='Listas suspensas'!$A$4,'Listas suspensas'!$C$4,IF(AA54='Listas suspensas'!$A$5,'Listas suspensas'!$C$5,IF(AA54='Listas suspensas'!$A$6,'Listas suspensas'!$C$6,""))))) -> Indica a penetração profunda e uniforme em toda a extensão do alburno. | AK54: 11.49 | AL54: 11.71 | AM54: 11.66 | AN54: 11.64 | AO54: 11.73 | AP54: =AVERAGE(AK54:AO54)/10 -> 1.1646 | AQ54: 13.36 | AR54: 12.28 | AS54: 12.55 | AT54: 13.04 | AU54: 12.4 | AV54: =AVERAGE(AQ54:AU54)/10 -> 1.2726 | AW54: 0.9003 | AX54: 1.0844 | AY54: 1.0636 | AZ54: 1.1517 | BA54: 0.7997 | BB54: =AVERAGE(AW54:BA54) -> 0.99994 | BC54: =PI()*(AP54/2)^2*AV54 -> 1.3556119 | BE54: =(BB54/BC54)*1000 -> 737.63 | BF54: 0.689 | BG54: 0.332 | BH54: 0.317 | BI54: =SUM(BF54:BH54) -> 1.338 | BJ54: 42 | BK54: 20.3 | BL54: 37.7 | BM54: =ROUND(SUM(BJ54:BL54),2) -> 100 | BN54: =ROUND((BF54/100)*BE54,2) -> 5.08 | BO54: =ROUND((BG54/100)*BE54,2) -> 2.45 | BP54: =ROUND((BH54/100)*BE54,2) -> 2.34 | BQ54: =ROUND(SUM(BN54:BP54),2) -> 9.87 | BR54: =IF(OR(AND(X54="Mourões", BQ54>=6.5),AND(X54="Postes", BQ54>=9.6),AND(X54="Dormentes", BQ54>=9.6),AND(X54="Estacas", BQ54>=6.5),AND(X54="Cruzetas", BQ54>=6.5),AND(X54="Outros - Solo", BQ54>=6.5),AND(X54="Outros - Suspenso",BQ54>=4),AND(X54="Deck",BQ54>=4)),'Listas suspensas'!$C$21,'Listas suspensas'!$C$22) -> Os resultados da análise química apresentaram uma retenção do produto de acordo com o padrão mínimo exigido pela norma ABNT NBR 16143
B55: UFV-M-54 | C55: Finalizada | D55: 12.596.339/0001-81 | F55: 45581 | G55: 45586 | H55: 45587 | I55: Madimune | J55: Coxim | K55: MS | L55: Madeira | M55: madimunecoxim@gmail.com | N55: CCA - C | O55: Bagueta | P55: Eucalyptus | Q55: 24/24 | X55: Mourões | Y55: =IF(X55='Listas suspensas'!$A$21,'Listas suspensas'!$B$23,IF(X55='Listas suspensas'!$A$22,'Listas suspensas'!$B$23,IF(X55='Listas suspensas'!$A$23,'Listas suspensas'!$B$22,IF(X55='Listas suspensas'!$A$26,'Listas suspensas'!$B$22,IF(X55='Listas suspensas'!$A$32,'Listas suspensas'!$B$22,IF(X55='Listas suspensas'!$A$33,'Listas suspensas'!$B$21,IF(X55='Listas suspensas'!$A$24,'Listas suspensas'!$B$22,IF(X55='Listas suspensas'!$A$30,'Listas suspensas'!$B$21,"")))))))) -> 6.5 | Z55: NBR 16143 | AA55: 3 | AB55: =IF(AA55='Listas suspensas'!$A$2,'Listas suspensas'!$B$2,IF(AA55='Listas suspensas'!$A$3,'Listas suspensas'!$B$3,IF(AA55='Listas suspensas'!$A$4,'Listas suspensas'!$B$4,IF(AA55='Listas suspensas'!$A$5,'Listas suspensas'!$B$5,IF(AA55='Listas suspensas'!$A$6,'Listas suspensas'!$B$6,""))))) -> Parcial e regular | AC55: =IF(AA55='Listas suspensas'!$A$2,'Listas suspensas'!$C$2,IF(AA55='Listas suspensas'!$A$3,'Listas suspensas'!$C$3,IF(AA55='Listas suspensas'!$A$4,'Listas suspensas'!$C$4,IF(AA55='Listas suspensas'!$A$5,'Listas suspensas'!$C$5,IF(AA55='Listas suspensas'!$A$6,'Listas suspensas'!$C$6,""))))) -> Indica a penetração uniforme, mas não total pela extensão do alburno. | AK55: 11.62 | AL55: 11.83 | AM55: 11.85 | AN55: 11.65 | AO55: 11.74 | AP55: =AVERAGE(AK55:AO55)/10 -> 1.1738 | AQ55: 30.68 | AR55: 31.42 | AS55: 36.03 | AT55: 32.91 | AU55: 25.77 | AV55: =AVERAGE(AQ55:AU55)/10 -> 3.1362 | AW55: 2.7284 | AX55: 2.8068 | AY55: 3.1583 | AZ55: 2.9119 | BA55: 2.274 | BB55: =AVERAGE(AW55:BA55) -> 2.77588 | BC55: =PI()*(AP55/2)^2*AV55 -> 3.3937656 | BE55: =(BB55/BC55)*1000 -> 817.9351 | BF55: 0.288 | BG55: 0.182 | BH55: 0.39 | BI55: =SUM(BF55:BH55) -> 0.86 | BJ55: 33.5 | BK55: 21.2 | BL55: 45.3 | BM55: =ROUND(SUM(BJ55:BL55),2) -> 100 | BN55: =ROUND((BF55/100)*BE55,2) -> 2.36 | BO55: =ROUND((BG55/100)*BE55,2) -> 1.49 | BP55: =ROUND((BH55/100)*BE55,2) -> 3.19 | BQ55: =ROUND(SUM(BN55:BP55),2) -> 7.04 | BR55: =IF(OR(AND(X55="Mourões", BQ55>=6.5),AND(X55="Postes", BQ55>=9.6),AND(X55="Dormentes", BQ55>=9.6),AND(X55="Estacas", BQ55>=6.5),AND(X55="Cruzetas", BQ55>=6.5),AND(X55="Outros - Solo", BQ55>=6.5),AND(X55="Outros - Suspenso",BQ55>=4),AND(X55="Deck",BQ55>=4)),'Listas suspensas'!$C$21,'Listas suspensas'!$C$22) -> Os resultados da análise química apresentaram uma retenção do produto de acordo com o padrão mínimo exigido pela norma ABNT NBR 16143
B56: UFV-M-55 | C56: Finalizada | F56: 45586 | G56: 45586 | H56: 45587 | I56: Utramad Madeiras LTDA | J56: Capelinha | K56: MG | L56: Madeira | M56: secretaria@utramadmg.com | N56: CCA - C | O56: Torete | P56: Cloeziana | Q56: 06x08 | X56: Postes | Y56: =IF(X56='Listas suspensas'!$A$21,'Listas suspensas'!$B$23,IF(X56='Listas suspensas'!$A$22,'Listas suspensas'!$B$23,IF(X56='Listas suspensas'!$A$23,'Listas suspensas'!$B$22,IF(X56='Listas suspensas'!$A$26,'Listas suspensas'!$B$22,IF(X56='Listas suspensas'!$A$32,'Listas suspensas'!$B$22,IF(X56='Listas suspensas'!$A$33,'Listas suspensas'!$B$21,IF(X56='Listas suspensas'!$A$24,'Listas suspensas'!$B$22,IF(X56='Listas suspensas'!$A$30,'Listas suspensas'!$B$21,"")))))))) -> 9.6 | Z56: NBR 16143 | AA56: 5 | AB56: =IF(AA56='Listas suspensas'!$A$2,'Listas suspensas'!$B$2,IF(AA56='Listas suspensas'!$A$3,'Listas suspensas'!$B$3,IF(AA56='Listas suspensas'!$A$4,'Listas suspensas'!$B$4,IF(AA56='Listas suspensas'!$A$5,'Listas suspensas'!$B$5,IF(AA56='Listas suspensas'!$A$6,'Listas suspensas'!$B$6,""))))) -> Sem Reação do Cromoazurol | AC56: =IF(AA56='Listas suspensas'!$A$2,'Listas suspensas'!$C$2,IF(AA56='Listas suspensas'!$A$3,'Listas suspensas'!$C$3,IF(AA56='Listas suspensas'!$A$4,'Listas suspensas'!$C$4,IF(AA56='Listas suspensas'!$A$5,'Listas suspensas'!$C$5,IF(AA56='Listas suspensas'!$A$6,'Listas suspensas'!$C$6,""))))) -> Sem Reação do Cromoazurol | AK56: 11.65 | AL56: 11.58 | AM56: 11.66 | AN56: 11.61 | AO56: 11.64 | AP56: =AVERAGE(AK56:AO56)/10 -> 1.1628 | AQ56: 10.52 | AR56: 8.91 | AS56: 9.54 | AT56: 10.46 | AU56: 8.28 | AV56: =AVERAGE(AQ56:AU56)/10 -> 0.9542 | AW56: 0.7423 | AX56: 0.6519 | AY56: 0.6615 | AZ56: 0.7013 | BA56: 0.5893 | BB56: =AVERAGE(AW56:BA56) -> 0.66926 | BC56: =PI()*(AP56/2)^2*AV56 -> 1.013303 | BE56: =(BB56/BC56)*1000 -> 660.4737 | BF56: 0.196 | BG56: 0.099 | BH56: 0.183 | BI56: =SUM(BF56:BH56) -> 0.478 | BJ56: 41 | BK56: 20.7 | BL56: 38.3 | BM56: =ROUND(SUM(BJ56:BL56),2) -> 100 | BN56: =ROUND((BF56/100)*BE56,2) -> 1.29 | BO56: =ROUND((BG56/100)*BE56,2) -> 0.65 | BP56: =ROUND((BH56/100)*BE56,2) -> 1.21 | BQ56: =ROUND(SUM(BN56:BP56),2) -> 3.15 | BR56: =IF(OR(AND(X56="Mourões", BQ56>=6.5),AND(X56="Postes", BQ56>=9.6),AND(X56="Dormentes", BQ56>=9.6),AND(X56="Estacas", BQ56>=6.5),AND(X56="Cruzetas", BQ56>=6.5),AND(X56="Outros - Solo", BQ56>=6.5),AND(X56="Outros - Suspenso",BQ56>=4),AND(X56="Deck",BQ56>=4)),'Listas suspensas'!$C$21,'Listas suspensas'!$C$22) -> Os resultados da análise química apresentaram uma retenção do produto inferior ao padrão mínimo exigido pela norma ABNT NBR 16143
B57: UFV-M-56 | C57: Finalizada | F57: 45586 | G57: 45586 | H57: 45587 | I57: Utramad Madeiras LTDA | J57: Capelinha | K57: MG | L57: Madeira | M57: secretaria@utramadmg.com | N57: CCA - C | O57: Torete | P57: Cloeziana | Q57: 08x10 | X57: Postes | Y57: =IF(X57='Listas suspensas'!$A$21,'Listas suspensas'!$B$23,IF(X57='Listas suspensas'!$A$22,'Listas suspensas'!$B$23,IF(X57='Listas suspensas'!$A$23,'Listas suspensas'!$B$22,IF(X57='Listas suspensas'!$A$26,'Listas suspensas'!$B$22,IF(X57='Listas suspensas'!$A$32,'Listas suspensas'!$B$22,IF(X57='Listas suspensas'!$A$33,'Listas suspensas'!$B$21,IF(X57='Listas suspensas'!$A$24,'Listas suspensas'!$B$22,IF(X57='Listas suspensas'!$A$30,'Listas suspensas'!$B$21,"")))))))) -> 9.6 | Z57: NBR 16143 | AA57: 5 | AB57: =IF(AA57='Listas suspensas'!$A$2,'Listas suspensas'!$B$2,IF(AA57='Listas suspensas'!$A$3,'Listas suspensas'!$B$3,IF(AA57='Listas suspensas'!$A$4,'Listas suspensas'!$B$4,IF(AA57='Listas suspensas'!$A$5,'Listas suspensas'!$B$5,IF(AA57='Listas suspensas'!$A$6,'Listas suspensas'!$B$6,""))))) -> Sem Reação do Cromoazurol | AC57: =IF(AA57='Listas suspensas'!$A$2,'Listas suspensas'!$C$2,IF(AA57='Listas suspensas'!$A$3,'Listas suspensas'!$C$3,IF(AA57='Listas suspensas'!$A$4,'Listas suspensas'!$C$4,IF(AA57='Listas suspensas'!$A$5,'Listas suspensas'!$C$5,IF(AA57='Listas suspensas'!$A$6,'Listas suspensas'!$C$6,""))))) -> Sem Reação do Cromoazurol | AK57: 11.75 | AL57: 11.75 | AM57: 11.63 | AN57: 11.55 | AO57: 11.66 | AP57: =AVERAGE(AK57:AO57)/10 -> 1.1668 | AQ57: 13 | AR57: 14.58 | AS57: 14.89 | AT57: 14.13 | AU57: 13.61 | AV57: =AVERAGE(AQ57:AU57)/10 -> 1.4042 | AW57: 0.9509 | AX57: 0.988 | AY57: 1.0654 | AZ57: 1.0524 | BA57: 1.0216 | BB57: =AVERAGE(AW57:BA57) -> 1.01566 | BC57: =PI()*(AP57/2)^2*AV57 -> 1.5014528 | BE57: =(BB57/BC57)*1000 -> 676.45149 | BF57: 0.183 | BG57: 0.108 | BH57: 0.204 | BI57: =SUM(BF57:BH57) -> 0.495 | BJ57: 36.9 | BK57: 21.8 | BL57: 41.3 | BM57: =ROUND(SUM(BJ57:BL57),2) -> 100 | BN57: =ROUND((BF57/100)*BE57,2) -> 1.24 | BO57: =ROUND((BG57/100)*BE57,2) -> 0.73 | BP57: =ROUND((BH57/100)*BE57,2) -> 1.38 | BQ57: =ROUND(SUM(BN57:BP57),2) -> 3.35 | BR57: =IF(OR(AND(X57="Mourões", BQ57>=6.5),AND(X57="Postes", BQ57>=9.6),AND(X57="Dormentes", BQ57>=9.6),AND(X57="Estacas", BQ57>=6.5),AND(X57="Cruzetas", BQ57>=6.5),AND(X57="Outros - Solo", BQ57>=6.5),AND(X57="Outros - Suspenso",BQ57>=4),AND(X57="Deck",BQ57>=4)),'Listas suspensas'!$C$21,'Listas suspensas'!$C$22) -> Os resultados da análise química apresentaram uma retenção do produto inferior ao padrão mínimo exigido pela norma ABNT NBR 16143
B58: UFV-M-57 | C58: Finalizada | D58: 03.676.002/0001-93 | F58: 45607 | G58: 45608 | H58: 45609 | I58: Madtrat | J58: Santa Cruz do Rio Pardo | K58: SP | L58: Madeira | M58: qualidade@madtrat.com.br | N58: CCA - C | O58: Bagueta | P58: Citriodora | Q58: VCS0007 | X58: Mourões | Y58: =IF(X58='Listas suspensas'!$A$21,'Listas suspensas'!$B$23,IF(X58='Listas suspensas'!$A$22,'Listas suspensas'!$B$23,IF(X58='Listas suspensas'!$A$23,'Listas suspensas'!$B$22,IF(X58='Listas suspensas'!$A$26,'Listas suspensas'!$B$22,IF(X58='Listas suspensas'!$A$32,'Listas suspensas'!$B$22,IF(X58='Listas suspensas'!$A$33,'Listas suspensas'!$B$21,IF(X58='Listas suspensas'!$A$24,'Listas suspensas'!$B$22,IF(X58='Listas suspensas'!$A$30,'Listas suspensas'!$B$21,"")))))))) -> 6.5 | Z58: NBR 16143 | AA58: 2 | AB58: =IF(AA58='Listas suspensas'!$A$2,'Listas suspensas'!$B$2,IF(AA58='Listas suspensas'!$A$3,'Listas suspensas'!$B$3,IF(AA58='Listas suspensas'!$A$4,'Listas suspensas'!$B$4,IF(AA58='Listas suspensas'!$A$5,'Listas suspensas'!$B$5,IF(AA58='Listas suspensas'!$A$6,'Listas suspensas'!$B$6,""))))) -> Profunda e irregular | AC58: =IF(AA58='Listas suspensas'!$A$2,'Listas suspensas'!$C$2,IF(AA58='Listas suspensas'!$A$3,'Listas suspensas'!$C$3,IF(AA58='Listas suspensas'!$A$4,'Listas suspensas'!$C$4,IF(AA58='Listas suspensas'!$A$5,'Listas suspensas'!$C$5,IF(AA58='Listas suspensas'!$A$6,'Listas suspensas'!$C$6,""))))) -> Indica a penetração profunda, mas desuniforme em toda a extensão do alburno. | AK58: 11.97 | AL58: 11.99 | AM58: 11.96 | AN58: 11.96 | AO58: 11.98 | AP58: =AVERAGE(AK58:AO58)/10 -> 1.1972 | AQ58: 23.4 | AR58: 18.9 | AS58: 22.35 | AT58: 23.75 | AU58: 25.29 | AV58: =AVERAGE(AQ58:AU58)/10 -> 2.2738 | AW58: 2.1143 | AX58: 1.7905 | AY58: 1.9866 | AZ58: 2.1209 | BA58: 2.2425 | BB58: =AVERAGE(AW58:BA58) -> 2.05096 | BC58: =PI()*(AP58/2)^2*AV58 -> 2.5596204 | BE58: =(BB58/BC58)*1000 -> 801.27507 | BF58: 0.342 | BG58: 0.195 | BH58: 0.378 | BI58: =SUM(BF58:BH58) -> 0.915 | BJ58: 37.3 | BK58: 21.4 | BL58: 41.3 | BM58: =ROUND(SUM(BJ58:BL58),2) -> 100 | BN58: =ROUND((BF58/100)*BE58,2) -> 2.74 | BO58: =ROUND((BG58/100)*BE58,2) -> 1.56 | BP58: =ROUND((BH58/100)*BE58,2) -> 3.03 | BQ58: =ROUND(SUM(BN58:BP58),2) -> 7.33 | BR58: =IF(OR(AND(X58="Mourões", BQ58>=6.5),AND(X58="Postes", BQ58>=9.6),AND(X58="Dormentes", BQ58>=9.6),AND(X58="Estacas", BQ58>=6.5),AND(X58="Cruzetas", BQ58>=6.5),AND(X58="Outros - Solo", BQ58>=6.5),AND(X58="Outros - Suspenso",BQ58>=4),AND(X58="Deck",BQ58>=4)),'Listas suspensas'!$C$21,'Listas suspensas'!$C$22) -> Os resultados da análise química apresentaram uma retenção do produto de acordo com o padrão mínimo exigido pela norma ABNT NBR 16143
B59: UFV-M-58 | C59: Finalizada | D59: 39.957.452/0001-00 | F59: 45607 | G59: 45608 | H59: 45614 | I59: Bital Agro | J59: Urbano Santos | K59: MA | L59: Madeira | N59: CCA - C | O59: Bagueta | P59: Eucalyptus | Q59: T23 - 14/10 | X59: Mourões | Y59: =IF(X59='Listas suspensas'!$A$21,'Listas suspensas'!$B$23,IF(X59='Listas suspensas'!$A$22,'Listas suspensas'!$B$23,IF(X59='Listas suspensas'!$A$23,'Listas suspensas'!$B$22,IF(X59='Listas suspensas'!$A$26,'Listas suspensas'!$B$22,IF(X59='Listas suspensas'!$A$32,'Listas suspensas'!$B$22,IF(X59='Listas suspensas'!$A$33,'Listas suspensas'!$B$21,IF(X59='Listas suspensas'!$A$24,'Listas suspensas'!$B$22,IF(X59='Listas suspensas'!$A$30,'Listas suspensas'!$B$21,"")))))))) -> 6.5 | Z59: NBR 16143 | AA59: 3 | AB59: =IF(AA59='Listas suspensas'!$A$2,'Listas suspensas'!$B$2,IF(AA59='Listas suspensas'!$A$3,'Listas suspensas'!$B$3,IF(AA59='Listas suspensas'!$A$4,'Listas suspensas'!$B$4,IF(AA59='Listas suspensas'!$A$5,'Listas suspensas'!$B$5,IF(AA59='Listas suspensas'!$A$6,'Listas suspensas'!$B$6,""))))) -> Parcial e regular | AC59: =IF(AA59='Listas suspensas'!$A$2,'Listas suspensas'!$C$2,IF(AA59='Listas suspensas'!$A$3,'Listas suspensas'!$C$3,IF(AA59='Listas suspensas'!$A$4,'Listas suspensas'!$C$4,IF(AA59='Listas suspensas'!$A$5,'Listas suspensas'!$C$5,IF(AA59='Listas suspensas'!$A$6,'Listas suspensas'!$C$6,""))))) -> Indica a penetração uniforme, mas não total pela extensão do alburno. | AK59: 11.52 | AL59: 11.37 | AM59: 11.49 | AN59: 11.43 | AO59: 11.27 | AP59: =AVERAGE(AK59:AO59)/10 -> 1.1416 | AQ59: 15.48 | AR59: 14.35 | AS59: 13.66 | AT59: 13.32 | AU59: 13.11 | AV59: =AVERAGE(AQ59:AU59)/10 -> 1.3984 | AW59: 1.2851 | AX59: 1.1896 | AY59: 1.1172 | AZ59: 1.0955 | BA59: 1.0627 | BB59: =AVERAGE(AW59:BA59) -> 1.15002 | BC59: =PI()*(AP59/2)^2*AV59 -> 1.4313611 | BE59: =(BB59/BC59)*1000 -> 803.44504 | BF59: 0.313 | BG59: 0.152 | BH59: 0.293 | BI59: =SUM(BF59:BH59) -> 0.758 | BJ59: 41.3 | BK59: 20.1 | BL59: 38.6 | BM59: =ROUND(SUM(BJ59:BL59),2) -> 100 | BN59: =ROUND((BF59/100)*BE59,2) -> 2.51 | BO59: =ROUND((BG59/100)*BE59,2) -> 1.22 | BP59: =ROUND((BH59/100)*BE59,2) -> 2.35 | BQ59: =ROUND(SUM(BN59:BP59),2) -> 6.08 | BR59: =IF(OR(AND(X59="Mourões", BQ59>=6.5),AND(X59="Postes", BQ59>=9.6),AND(X59="Dormentes", BQ59>=9.6),AND(X59="Estacas", BQ59>=6.5),AND(X59="Cruzetas", BQ59>=6.5),AND(X59="Outros - Solo", BQ59>=6.5),AND(X59="Outros - Suspenso",BQ59>=4),AND(X59="Deck",BQ59>=4)),'Listas suspensas'!$C$21,'Listas suspensas'!$C$22) -> Os resultados da análise química apresentaram uma retenção do produto inferior ao padrão mínimo exigido pela norma ABNT NBR 16143
B60: UFV-M-59 | C60: Finalizada | D60: 39.957.452/0001-00 | F60: 45607 | G60: 45608 | H60: 45614 | I60: Bital Agro | J60: Urbano Santos | K60: MA | L60: Madeira | N60: CCA - C | O60: Bagueta | P60: Eucalyptus | Q60: T29 - 17/10 | X60: Mourões | Y60: =IF(X60='Listas suspensas'!$A$21,'Listas suspensas'!$B$23,IF(X60='Listas suspensas'!$A$22,'Listas suspensas'!$B$23,IF(X60='Listas suspensas'!$A$23,'Listas suspensas'!$B$22,IF(X60='Listas suspensas'!$A$26,'Listas suspensas'!$B$22,IF(X60='Listas suspensas'!$A$32,'Listas suspensas'!$B$22,IF(X60='Listas suspensas'!$A$33,'Listas suspensas'!$B$21,IF(X60='Listas suspensas'!$A$24,'Listas suspensas'!$B$22,IF(X60='Listas suspensas'!$A$30,'Listas suspensas'!$B$21,"")))))))) -> 6.5 | Z60: NBR 16143 | AA60: 3 | AB60: =IF(AA60='Listas suspensas'!$A$2,'Listas suspensas'!$B$2,IF(AA60='Listas suspensas'!$A$3,'Listas suspensas'!$B$3,IF(AA60='Listas suspensas'!$A$4,'Listas suspensas'!$B$4,IF(AA60='Listas suspensas'!$A$5,'Listas suspensas'!$B$5,IF(AA60='Listas suspensas'!$A$6,'Listas suspensas'!$B$6,""))))) -> Parcial e regular | AC60: =IF(AA60='Listas suspensas'!$A$2,'Listas suspensas'!$C$2,IF(AA60='Listas suspensas'!$A$3,'Listas suspensas'!$C$3,IF(AA60='Listas suspensas'!$A$4,'Listas suspensas'!$C$4,IF(AA60='Listas suspensas'!$A$5,'Listas suspensas'!$C$5,IF(AA60='Listas suspensas'!$A$6,'Listas suspensas'!$C$6,""))))) -> Indica a penetração uniforme, mas não total pela extensão do alburno. | AK60: 10.93 | AL60: 11.2 | AM60: 11.33 | AN60: 11.29 | AO60: 11.2 | AP60: =AVERAGE(AK60:AO60)/10 -> 1.119 | AQ60: 10.16 | AR60: 14.33 | AS60: 14.13 | AT60: 13.75 | AU60: 12.4 | AV60: =AVERAGE(AQ60:AU60)/10 -> 1.2954 | AW60: 0.8345 | AX60: 1.1596 | AY60: 1.1194 | AZ60: 1.156 | BA60: 1.0478 | BB60: =AVERAGE(AW60:BA60) -> 1.06346 | BC60: =PI()*(AP60/2)^2*AV60 -> 1.2739546 | BE60: =(BB60/BC60)*1000 -> 834.77073 | BF60: 0.316 | BG60: 0.175 | BH60: 0.319 | BI60: =SUM(BF60:BH60) -> 0.81 | BJ60: 39.1 | BK60: 21.5 | BL60: 39.4 | BM60: =ROUND(SUM(BJ60:BL60),2) -> 100 | BN60: =ROUND((BF60/100)*BE60,2) -> 2.64 | BO60: =ROUND((BG60/100)*BE60,2) -> 1.46 | BP60: =ROUND((BH60/100)*BE60,2) -> 2.66 | BQ60: =ROUND(SUM(BN60:BP60),2) -> 6.76 | BR60: =IF(OR(AND(X60="Mourões", BQ60>=6.5),AND(X60="Postes", BQ60>=9.6),AND(X60="Dormentes", BQ60>=9.6),AND(X60="Estacas", BQ60>=6.5),AND(X60="Cruzetas", BQ60>=6.5),AND(X60="Outros - Solo", BQ60>=6.5),AND(X60="Outros - Suspenso",BQ60>=4),AND(X60="Deck",BQ60>=4)),'Listas suspensas'!$C$21,'Listas suspensas'!$C$22) -> Os resultados da análise química apresentaram uma retenção do produto de acordo com o padrão mínimo exigido pela norma ABNT NBR 16143
B61: UFV-M-60 | C61: Finalizada | D61: 39.957.452/0001-00 | F61: 45607 | G61: 45608 | H61: 45614 | I61: Bital Agro | J61: Urbano Santos | K61: MA | L61: Madeira | N61: CCA - C | O61: Bagueta | P61: Eucalyptus | Q61: T31- 18/10 | X61: Mourões | Y61: =IF(X61='Listas suspensas'!$A$21,'Listas suspensas'!$B$23,IF(X61='Listas suspensas'!$A$22,'Listas suspensas'!$B$23,IF(X61='Listas suspensas'!$A$23,'Listas suspensas'!$B$22,IF(X61='Listas suspensas'!$A$26,'Listas suspensas'!$B$22,IF(X61='Listas suspensas'!$A$32,'Listas suspensas'!$B$22,IF(X61='Listas suspensas'!$A$33,'Listas suspensas'!$B$21,IF(X61='Listas suspensas'!$A$24,'Listas suspensas'!$B$22,IF(X61='Listas suspensas'!$A$30,'Listas suspensas'!$B$21,"")))))))) -> 6.5 | Z61: NBR 16143 | AA61: 3 | AB61: =IF(AA61='Listas suspensas'!$A$2,'Listas suspensas'!$B$2,IF(AA61='Listas suspensas'!$A$3,'Listas suspensas'!$B$3,IF(AA61='Listas suspensas'!$A$4,'Listas suspensas'!$B$4,IF(AA61='Listas suspensas'!$A$5,'Listas suspensas'!$B$5,IF(AA61='Listas suspensas'!$A$6,'Listas suspensas'!$B$6,""))))) -> Parcial e regular | AC61: =IF(AA61='Listas suspensas'!$A$2,'Listas suspensas'!$C$2,IF(AA61='Listas suspensas'!$A$3,'Listas suspensas'!$C$3,IF(AA61='Listas suspensas'!$A$4,'Listas suspensas'!$C$4,IF(AA61='Listas suspensas'!$A$5,'Listas suspensas'!$C$5,IF(AA61='Listas suspensas'!$A$6,'Listas suspensas'!$C$6,""))))) -> Indica a penetração uniforme, mas não total pela extensão do alburno. | AK61: 11.22 | AL61: 11.3 | AM61: 11.41 | AN61: 11.48 | AO61: 11.29 | AP61: =AVERAGE(AK61:AO61)/10 -> 1.134 | AQ61: 10.9 | AR61: 11.26 | AS61: 10.43 | AT61: 10.2 | AU61: 11.96 | AV61: =AVERAGE(AQ61:AU61)/10 -> 1.095 | AW61: 0.844 | AX61: 0.9053 | AY61: 0.8455 | AZ61: 0.8205 | BA61: 0.9249 | BB61: =AVERAGE(AW61:BA61) -> 0.86804 | BC61: =PI()*(AP61/2)^2*AV61 -> 1.1059363 | BE61: =(BB61/BC61)*1000 -> 784.8915 | BF61: 0.298 | BG61: 0.148 | BH61: 0.285 | BI61: =SUM(BF61:BH61) -> 0.731 | BJ61: 40.8 | BK61: 20.2 | BL61: 39 | BM61: =ROUND(SUM(BJ61:BL61),2) -> 100 | BN61: =ROUND((BF61/100)*BE61,2) -> 2.34 | BO61: =ROUND((BG61/100)*BE61,2) -> 1.16 | BP61: =ROUND((BH61/100)*BE61,2) -> 2.24 | BQ61: =ROUND(SUM(BN61:BP61),2) -> 5.74 | BR61: =IF(OR(AND(X61="Mourões", BQ61>=6.5),AND(X61="Postes", BQ61>=9.6),AND(X61="Dormentes", BQ61>=9.6),AND(X61="Estacas", BQ61>=6.5),AND(X61="Cruzetas", BQ61>=6.5),AND(X61="Outros - Solo", BQ61>=6.5),AND(X61="Outros - Suspenso",BQ61>=4),AND(X61="Deck",BQ61>=4)),'Listas suspensas'!$C$21,'Listas suspensas'!$C$22) -> Os resultados da análise química apresentaram uma retenção do produto inferior ao padrão mínimo exigido pela norma ABNT NBR 16143
B62: UFV-M-61 | C62: Finalizada | D62: 39.957.452/0001-00 | F62: 45607 | G62: 45608 | H62: 45614 | I62: Bital Agro | J62: Urbano Santos | K62: MA | L62: Madeira | N62: CCA - C | O62: Bagueta | P62: Eucalyptus | Q62: T34 - 19/10 | X62: Mourões | Y62: =IF(X62='Listas suspensas'!$A$21,'Listas suspensas'!$B$23,IF(X62='Listas suspensas'!$A$22,'Listas suspensas'!$B$23,IF(X62='Listas suspensas'!$A$23,'Listas suspensas'!$B$22,IF(X62='Listas suspensas'!$A$26,'Listas suspensas'!$B$22,IF(X62='Listas suspensas'!$A$32,'Listas suspensas'!$B$22,IF(X62='Listas suspensas'!$A$33,'Listas suspensas'!$B$21,IF(X62='Listas suspensas'!$A$24,'Listas suspensas'!$B$22,IF(X62='Listas suspensas'!$A$30,'Listas suspensas'!$B$21,"")))))))) -> 6.5 | Z62: NBR 16143 | AA62: 3 | AB62: =IF(AA62='Listas suspensas'!$A$2,'Listas suspensas'!$B$2,IF(AA62='Listas suspensas'!$A$3,'Listas suspensas'!$B$3,IF(AA62='Listas suspensas'!$A$4,'Listas suspensas'!$B$4,IF(AA62='Listas suspensas'!$A$5,'Listas suspensas'!$B$5,IF(AA62='Listas suspensas'!$A$6,'Listas suspensas'!$B$6,""))))) -> Parcial e regular | AC62: =IF(AA62='Listas suspensas'!$A$2,'Listas suspensas'!$C$2,IF(AA62='Listas suspensas'!$A$3,'Listas suspensas'!$C$3,IF(AA62='Listas suspensas'!$A$4,'Listas suspensas'!$C$4,IF(AA62='Listas suspensas'!$A$5,'Listas suspensas'!$C$5,IF(AA62='Listas suspensas'!$A$6,'Listas suspensas'!$C$6,""))))) -> Indica a penetração uniforme, mas não total pela extensão do alburno. | AK62: 11.34 | AL62: 11.4 | AM62: 11.4 | AN62: 11.4 | AO62: 11.39 | AP62: =AVERAGE(AK62:AO62)/10 -> 1.1386 | AQ62: 13.07 | AR62: 12.82 | AS62: 12.25 | AT62: 14.3 | AU62: 12.41 | AV62: =AVERAGE(AQ62:AU62)/10 -> 1.297 | AW62: 1.1199 | AX62: 1.0831 | AY62: 1.0756 | AZ62: 1.2037 | BA62: 1.0603 | BB62: =AVERAGE(AW62:BA62) -> 1.10852 | BC62: =PI()*(AP62/2)^2*AV62 -> 1.3206028 | BE62: =(BB62/BC62)*1000 -> 839.40455 | BF62: 0.285 | BG62: 0.163 | BH62: 0.344 | BI62: =SUM(BF62:BH62) -> 0.792 | BJ62: 36 | BK62: 20.6 | BL62: 43.4 | BM62: =ROUND(SUM(BJ62:BL62),2) -> 100 | BN62: =ROUND((BF62/100)*BE62,2) -> 2.39 | BO62: =ROUND((BG62/100)*BE62,2) -> 1.37 | BP62: =ROUND((BH62/100)*BE62,2) -> 2.89 | BQ62: =ROUND(SUM(BN62:BP62),2) -> 6.65 | BR62: =IF(OR(AND(X62="Mourões", BQ62>=6.5),AND(X62="Postes", BQ62>=9.6),AND(X62="Dormentes", BQ62>=9.6),AND(X62="Estacas", BQ62>=6.5),AND(X62="Cruzetas", BQ62>=6.5),AND(X62="Outros - Solo", BQ62>=6.5),AND(X62="Outros - Suspenso",BQ62>=4),AND(X62="Deck",BQ62>=4)),'Listas suspensas'!$C$21,'Listas suspensas'!$C$22) -> Os resultados da análise química apresentaram uma retenção do produto de acordo com o padrão mínimo exigido pela norma ABNT NBR 16143
B63: UFV-M-62 | C63: Finalizada | D63: 39.957.452/0001-00 | F63: 45607 | G63: 45608 | H63: 45614 | I63: Bital Agro | J63: Urbano Santos | K63: MA | L63: Madeira | N63: CCA - C | O63: Bagueta | P63: Eucalyptus | Q63: T35 - 20/10 | X63: Mourões | Y63: =IF(X63='Listas suspensas'!$A$21,'Listas suspensas'!$B$23,IF(X63='Listas suspensas'!$A$22,'Listas suspensas'!$B$23,IF(X63='Listas suspensas'!$A$23,'Listas suspensas'!$B$22,IF(X63='Listas suspensas'!$A$26,'Listas suspensas'!$B$22,IF(X63='Listas suspensas'!$A$32,'Listas suspensas'!$B$22,IF(X63='Listas suspensas'!$A$33,'Listas suspensas'!$B$21,IF(X63='Listas suspensas'!$A$24,'Listas suspensas'!$B$22,IF(X63='Listas suspensas'!$A$30,'Listas suspensas'!$B$21,"")))))))) -> 6.5 | Z63: NBR 16143 | AA63: 3 | AB63: =IF(AA63='Listas suspensas'!$A$2,'Listas suspensas'!$B$2,IF(AA63='Listas suspensas'!$A$3,'Listas suspensas'!$B$3,IF(AA63='Listas suspensas'!$A$4,'Listas suspensas'!$B$4,IF(AA63='Listas suspensas'!$A$5,'Listas suspensas'!$B$5,IF(AA63='Listas suspensas'!$A$6,'Listas suspensas'!$B$6,""))))) -> Parcial e regular | AC63: =IF(AA63='Listas suspensas'!$A$2,'Listas suspensas'!$C$2,IF(AA63='Listas suspensas'!$A$3,'Listas suspensas'!$C$3,IF(AA63='Listas suspensas'!$A$4,'Listas suspensas'!$C$4,IF(AA63='Listas suspensas'!$A$5,'Listas suspensas'!$C$5,IF(AA63='Listas suspensas'!$A$6,'Listas suspensas'!$C$6,""))))) -> Indica a penetração uniforme, mas não total pela extensão do alburno. | AK63: 11.36 | AL63: 11.34 | AM63: 11.49 | AN63: 11.4 | AO63: 11.3 | AP63: =AVERAGE(AK63:AO63)/10 -> 1.1378 | AQ63: 13.83 | AR63: 13.47 | AS63: 12.23 | AT63: 10.23 | AU63: 12.94 | AV63: =AVERAGE(AQ63:AU63)/10 -> 1.254 | AW63: 1.1262 | AX63: 1.1133 | AY63: 1.0054 | AZ63: 0.7805 | BA63: 0.9612 | BB63: =AVERAGE(AW63:BA63) -> 0.99732 | BC63: =PI()*(AP63/2)^2*AV63 -> 1.2750267 | BE63: =(BB63/BC63)*1000 -> 782.19539 | BF63: 0.322 | BG63: 0.164 | BH63: 0.352 | BI63: =SUM(BF63:BH63) -> 0.838 | BJ63: 38.5 | BK63: 19.5 | BL63: 42 | BM63: =ROUND(SUM(BJ63:BL63),2) -> 100 | BN63: =ROUND((BF63/100)*BE63,2) -> 2.52 | BO63: =ROUND((BG63/100)*BE63,2) -> 1.28 | BP63: =ROUND((BH63/100)*BE63,2) -> 2.75 | BQ63: =ROUND(SUM(BN63:BP63),2) -> 6.55 | BR63: =IF(OR(AND(X63="Mourões", BQ63>=6.5),AND(X63="Postes", BQ63>=9.6),AND(X63="Dormentes", BQ63>=9.6),AND(X63="Estacas", BQ63>=6.5),AND(X63="Cruzetas", BQ63>=6.5),AND(X63="Outros - Solo", BQ63>=6.5),AND(X63="Outros - Suspenso",BQ63>=4),AND(X63="Deck",BQ63>=4)),'Listas suspensas'!$C$21,'Listas suspensas'!$C$22) -> Os resultados da análise química apresentaram uma retenção do produto de acordo com o padrão mínimo exigido pela norma ABNT NBR 16143
B64: UFV-M-63 | C64: Finalizada | D64: 39.957.452/0001-00 | F64: 45607 | G64: 45608 | H64: 45614 | I64: Bital Agro | J64: Urbano Santos | K64: MA | L64: Madeira | N64: CCA - C | O64: Bagueta | P64: Eucalyptus | Q64: T27- 16/10 | X64: Mourões | Y64: =IF(X64='Listas suspensas'!$A$21,'Listas suspensas'!$B$23,IF(X64='Listas suspensas'!$A$22,'Listas suspensas'!$B$23,IF(X64='Listas suspensas'!$A$23,'Listas suspensas'!$B$22,IF(X64='Listas suspensas'!$A$26,'Listas suspensas'!$B$22,IF(X64='Listas suspensas'!$A$32,'Listas suspensas'!$B$22,IF(X64='Listas suspensas'!$A$33,'Listas suspensas'!$B$21,IF(X64='Listas suspensas'!$A$24,'Listas suspensas'!$B$22,IF(X64='Listas suspensas'!$A$30,'Listas suspensas'!$B$21,"")))))))) -> 6.5 | Z64: NBR 16143 | AA64: 4 | AB64: =IF(AA64='Listas suspensas'!$A$2,'Listas suspensas'!$B$2,IF(AA64='Listas suspensas'!$A$3,'Listas suspensas'!$B$3,IF(AA64='Listas suspensas'!$A$4,'Listas suspensas'!$B$4,IF(AA64='Listas suspensas'!$A$5,'Listas suspensas'!$B$5,IF(AA64='Listas suspensas'!$A$6,'Listas suspensas'!$B$6,""))))) -> Parcial e irregular | AC64: =IF(AA64='Listas suspensas'!$A$2,'Listas suspensas'!$C$2,IF(AA64='Listas suspensas'!$A$3,'Listas suspensas'!$C$3,IF(AA64='Listas suspensas'!$A$4,'Listas suspensas'!$C$4,IF(AA64='Listas suspensas'!$A$5,'Listas suspensas'!$C$5,IF(AA64='Listas suspensas'!$A$6,'Listas suspensas'!$C$6,""))))) -> Indica a penetração desuniforme e não total pela extensão do alburno. | AK64: 11.28 | AL64: 11.23 | AM64: 11.38 | AN64: 11.24 | AO64: 11.26 | AP64: =AVERAGE(AK64:AO64)/10 -> 1.1278 | AQ64: 7.99 | AR64: 8.1 | AS64: 7.49 | AT64: 11.73 | AU64: 10.92 | AV64: =AVERAGE(AQ64:AU64)/10 -> 0.9246 | AW64: 0.5549 | AX64: 0.6238 | AY64: 0.5451 | AZ64: 0.7949 | BA64: 0.6606 | BB64: =AVERAGE(AW64:BA64) -> 0.63586 | BC64: =PI()*(AP64/2)^2*AV64 -> 0.9236511 | BE64: =(BB64/BC64)*1000 -> 688.42012 | BF64: 0.258 | BG64: 0.096 | BH64: 0.138 | BI64: =SUM(BF64:BH64) -> 0.492 | BJ64: 52.4 | BK64: 19.6 | BL64: 28 | BM64: =ROUND(SUM(BJ64:BL64),2) -> 100 | BN64: =ROUND((BF64/100)*BE64,2) -> 1.78 | BO64: =ROUND((BG64/100)*BE64,2) -> 0.66 | BP64: =ROUND((BH64/100)*BE64,2) -> 0.95 | BQ64: =ROUND(SUM(BN64:BP64),2) -> 3.39 | BR64: =IF(OR(AND(X64="Mourões", BQ64>=6.5),AND(X64="Postes", BQ64>=9.6),AND(X64="Dormentes", BQ64>=9.6),AND(X64="Estacas", BQ64>=6.5),AND(X64="Cruzetas", BQ64>=6.5),AND(X64="Outros - Solo", BQ64>=6.5),AND(X64="Outros - Suspenso",BQ64>=4),AND(X64="Deck",BQ64>=4)),'Listas suspensas'!$C$21,'Listas suspensas'!$C$22) -> Os resultados da análise química apresentaram uma retenção do produto inferior ao padrão mínimo exigido pela norma ABNT NBR 16143
B65: UFV-M-64 | C65: Finalizada | D65: 39.957.452/0001-00 | F65: 45607 | G65: 45608 | H65: 45614 | I65: Bital Agro | J65: Urbano Santos | K65: MA | L65: Madeira | N65: CCA - C | O65: Bagueta | P65: Eucalyptus | Q65: T26 - 15/10 | X65: Mourões | Y65: =IF(X65='Listas suspensas'!$A$21,'Listas suspensas'!$B$23,IF(X65='Listas suspensas'!$A$22,'Listas suspensas'!$B$23,IF(X65='Listas suspensas'!$A$23,'Listas suspensas'!$B$22,IF(X65='Listas suspensas'!$A$26,'Listas suspensas'!$B$22,IF(X65='Listas suspensas'!$A$32,'Listas suspensas'!$B$22,IF(X65='Listas suspensas'!$A$33,'Listas suspensas'!$B$21,IF(X65='Listas suspensas'!$A$24,'Listas suspensas'!$B$22,IF(X65='Listas suspensas'!$A$30,'Listas suspensas'!$B$21,"")))))))) -> 6.5 | Z65: NBR 16143 | AA65: 4 | AB65: =IF(AA65='Listas suspensas'!$A$2,'Listas suspensas'!$B$2,IF(AA65='Listas suspensas'!$A$3,'Listas suspensas'!$B$3,IF(AA65='Listas suspensas'!$A$4,'Listas suspensas'!$B$4,IF(AA65='Listas suspensas'!$A$5,'Listas suspensas'!$B$5,IF(AA65='Listas suspensas'!$A$6,'Listas suspensas'!$B$6,""))))) -> Parcial e irregular | AC65: =IF(AA65='Listas suspensas'!$A$2,'Listas suspensas'!$C$2,IF(AA65='Listas suspensas'!$A$3,'Listas suspensas'!$C$3,IF(AA65='Listas suspensas'!$A$4,'Listas suspensas'!$C$4,IF(AA65='Listas suspensas'!$A$5,'Listas suspensas'!$C$5,IF(AA65='Listas suspensas'!$A$6,'Listas suspensas'!$C$6,""))))) -> Indica a penetração desuniforme e não total pela extensão do alburno. | AK65: 11.42 | AL65: 11.49 | AM65: 11.42 | AN65: 11.41 | AO65: 11.41 | AP65: =AVERAGE(AK65:AO65)/10 -> 1.143 | AQ65: 14.12 | AR65: 13.78 | AS65: 13.21 | AT65: 15.93 | AU65: 12.18 | AV65: =AVERAGE(AQ65:AU65)/10 -> 1.3844 | AW65: 1.2148 | AX65: 1.1673 | AY65: 1.1007 | AZ65: 1.3354 | BA65: 1.0218 | BB65: =AVERAGE(AW65:BA65) -> 1.168 | BC65: =PI()*(AP65/2)^2*AV65 -> 1.4205088 | BE65: =(BB65/BC65)*1000 -> 822.24059 | BF65: 0.217 | BG65: 0.109 | BH65: 0.207 | BI65: =SUM(BF65:BH65) -> 0.533 | BJ65: 40.7 | BK65: 20.5 | BL65: 38.8 | BM65: =ROUND(SUM(BJ65:BL65),2) -> 100 | BN65: =ROUND((BF65/100)*BE65,2) -> 1.78 | BO65: =ROUND((BG65/100)*BE65,2) -> 0.9 | BP65: =ROUND((BH65/100)*BE65,2) -> 1.7 | BQ65: =ROUND(SUM(BN65:BP65),2) -> 4.38 | BR65: =IF(OR(AND(X65="Mourões", BQ65>=6.5),AND(X65="Postes", BQ65>=9.6),AND(X65="Dormentes", BQ65>=9.6),AND(X65="Estacas", BQ65>=6.5),AND(X65="Cruzetas", BQ65>=6.5),AND(X65="Outros - Solo", BQ65>=6.5),AND(X65="Outros - Suspenso",BQ65>=4),AND(X65="Deck",BQ65>=4)),'Listas suspensas'!$C$21,'Listas suspensas'!$C$22) -> Os resultados da análise química apresentaram uma retenção do produto inferior ao padrão mínimo exigido pela norma ABNT NBR 16143
B66: UFV-M-65 | C66: Finalizada | D66: 39.957.452/0001-00 | F66: 45607 | G66: 45608 | H66: 45614 | I66: Bital Agro | J66: Urbano Santos | K66: MA | L66: Madeira | N66: CCA - C | O66: Bagueta | P66: Eucalyptus | Q66: T37 - 22/10 | X66: Mourões | Y66: =IF(X66='Listas suspensas'!$A$21,'Listas suspensas'!$B$23,IF(X66='Listas suspensas'!$A$22,'Listas suspensas'!$B$23,IF(X66='Listas suspensas'!$A$23,'Listas suspensas'!$B$22,IF(X66='Listas suspensas'!$A$26,'Listas suspensas'!$B$22,IF(X66='Listas suspensas'!$A$32,'Listas suspensas'!$B$22,IF(X66='Listas suspensas'!$A$33,'Listas suspensas'!$B$21,IF(X66='Listas suspensas'!$A$24,'Listas suspensas'!$B$22,IF(X66='Listas suspensas'!$A$30,'Listas suspensas'!$B$21,"")))))))) -> 6.5 | Z66: NBR 16143 | AA66: 3 | AB66: =IF(AA66='Listas suspensas'!$A$2,'Listas suspensas'!$B$2,IF(AA66='Listas suspensas'!$A$3,'Listas suspensas'!$B$3,IF(AA66='Listas suspensas'!$A$4,'Listas suspensas'!$B$4,IF(AA66='Listas suspensas'!$A$5,'Listas suspensas'!$B$5,IF(AA66='Listas suspensas'!$A$6,'Listas suspensas'!$B$6,""))))) -> Parcial e regular | AC66: =IF(AA66='Listas suspensas'!$A$2,'Listas suspensas'!$C$2,IF(AA66='Listas suspensas'!$A$3,'Listas suspensas'!$C$3,IF(AA66='Listas suspensas'!$A$4,'Listas suspensas'!$C$4,IF(AA66='Listas suspensas'!$A$5,'Listas suspensas'!$C$5,IF(AA66='Listas suspensas'!$A$6,'Listas suspensas'!$C$6,""))))) -> Indica a penetração uniforme, mas não total pela extensão do alburno. | AK66: 11.26 | AL66: 11.02 | AM66: 11.16 | AN66: 11.07 | AO66: 10.98 | AP66: =AVERAGE(AK66:AO66)/10 -> 1.1098 | AQ66: 12.44 | AR66: 12.18 | AS66: 12.08 | AT66: 11.79 | AU66: 13.77 | AV66: =AVERAGE(AQ66:AU66)/10 -> 1.2452 | AW66: 0.9532 | AX66: 0.9299 | AY66: 0.9706 | AZ66: 0.899 | BA66: 0.9643 | BB66: =AVERAGE(AW66:BA66) -> 0.9434 | BC66: =PI()*(AP66/2)^2*AV66 -> 1.2045323 | BE66: =(BB66/BC66)*1000 -> 783.20858 | BF66: 0.259 | BG66: 0.135 | BH66: 0.247 | BI66: =SUM(BF66:BH66) -> 0.641 | BJ66: 40.4 | BK66: 21 | BL66: 38.6 | BM66: =ROUND(SUM(BJ66:BL66),2) -> 100 | BN66: =ROUND((BF66/100)*BE66,2) -> 2.03 | BO66: =ROUND((BG66/100)*BE66,2) -> 1.06 | BP66: =ROUND((BH66/100)*BE66,2) -> 1.93 | BQ66: =ROUND(SUM(BN66:BP66),2) -> 5.02 | BR66: =IF(OR(AND(X66="Mourões", BQ66>=6.5),AND(X66="Postes", BQ66>=9.6),AND(X66="Dormentes", BQ66>=9.6),AND(X66="Estacas", BQ66>=6.5),AND(X66="Cruzetas", BQ66>=6.5),AND(X66="Outros - Solo", BQ66>=6.5),AND(X66="Outros - Suspenso",BQ66>=4),AND(X66="Deck",BQ66>=4)),'Listas suspensas'!$C$21,'Listas suspensas'!$C$22) -> Os resultados da análise química apresentaram uma retenção do produto inferior ao padrão mínimo exigido pela norma ABNT NBR 16143
B67: UFV-M-66 | C67: Finalizada | D67: 39.957.452/0001-00 | F67: 45607 | G67: 45608 | H67: 45614 | I67: Bital Agro | J67: Urbano Santos | K67: MA | L67: Madeira | N67: CCA - C | O67: Bagueta | P67: Eucalyptus | Q67: T40 - 23/10 | X67: Mourões | Y67: =IF(X67='Listas suspensas'!$A$21,'Listas suspensas'!$B$23,IF(X67='Listas suspensas'!$A$22,'Listas suspensas'!$B$23,IF(X67='Listas suspensas'!$A$23,'Listas suspensas'!$B$22,IF(X67='Listas suspensas'!$A$26,'Listas suspensas'!$B$22,IF(X67='Listas suspensas'!$A$32,'Listas suspensas'!$B$22,IF(X67='Listas suspensas'!$A$33,'Listas suspensas'!$B$21,IF(X67='Listas suspensas'!$A$24,'Listas suspensas'!$B$22,IF(X67='Listas suspensas'!$A$30,'Listas suspensas'!$B$21,"")))))))) -> 6.5 | Z67: NBR 16143 | AA67: 3 | AB67: =IF(AA67='Listas suspensas'!$A$2,'Listas suspensas'!$B$2,IF(AA67='Listas suspensas'!$A$3,'Listas suspensas'!$B$3,IF(AA67='Listas suspensas'!$A$4,'Listas suspensas'!$B$4,IF(AA67='Listas suspensas'!$A$5,'Listas suspensas'!$B$5,IF(AA67='Listas suspensas'!$A$6,'Listas suspensas'!$B$6,""))))) -> Parcial e regular | AC67: =IF(AA67='Listas suspensas'!$A$2,'Listas suspensas'!$C$2,IF(AA67='Listas suspensas'!$A$3,'Listas suspensas'!$C$3,IF(AA67='Listas suspensas'!$A$4,'Listas suspensas'!$C$4,IF(AA67='Listas suspensas'!$A$5,'Listas suspensas'!$C$5,IF(AA67='Listas suspensas'!$A$6,'Listas suspensas'!$C$6,""))))) -> Indica a penetração uniforme, mas não total pela extensão do alburno. | AK67: 11.11 | AL67: 11.11 | AM67: 11.04 | AN67: 11.05 | AO67: 11.06 | AP67: =AVERAGE(AK67:AO67)/10 -> 1.1074 | AQ67: 12.56 | AR67: 14 | AS67: 13.09 | AT67: 11.21 | AU67: 11.92 | AV67: =AVERAGE(AQ67:AU67)/10 -> 1.2556 | AW67: 0.945 | AX67: 0.994 | AY67: 0.9308 | AZ67: 0.8336 | BA67: 0.7687 | BB67: =AVERAGE(AW67:BA67) -> 0.89442 | BC67: =PI()*(AP67/2)^2*AV67 -> 1.209345 | BE67: =(BB67/BC67)*1000 -> 739.59042 | BF67: 0.38 | BG67: 0.154 | BH67: 0.307 | BI67: =SUM(BF67:BH67) -> 0.841 | BJ67: 45.2 | BK67: 18.3 | BL67: 36.5 | BM67: =ROUND(SUM(BJ67:BL67),2) -> 100 | BN67: =ROUND((BF67/100)*BE67,2) -> 2.81 | BO67: =ROUND((BG67/100)*BE67,2) -> 1.14 | BP67: =ROUND((BH67/100)*BE67,2) -> 2.27 | BQ67: =ROUND(SUM(BN67:BP67),2) -> 6.22 | BR67: =IF(OR(AND(X67="Mourões", BQ67>=6.5),AND(X67="Postes", BQ67>=9.6),AND(X67="Dormentes", BQ67>=9.6),AND(X67="Estacas", BQ67>=6.5),AND(X67="Cruzetas", BQ67>=6.5),AND(X67="Outros - Solo", BQ67>=6.5),AND(X67="Outros - Suspenso",BQ67>=4),AND(X67="Deck",BQ67>=4)),'Listas suspensas'!$C$21,'Listas suspensas'!$C$22) -> Os resultados da análise química apresentaram uma retenção do produto inferior ao padrão mínimo exigido pela norma ABNT NBR 16143
B68: UFV-M-67 | C68: Finalizada | D68: 39.957.452/0001-00 | F68: 45607 | G68: 45608 | H68: 45614 | I68: Bital Agro | J68: Urbano Santos | K68: MA | L68: Madeira | N68: CCA - C | O68: Bagueta | P68: Eucalyptus | Q68: T42 - 24/10 | X68: Mourões | Y68: =IF(X68='Listas suspensas'!$A$21,'Listas suspensas'!$B$23,IF(X68='Listas suspensas'!$A$22,'Listas suspensas'!$B$23,IF(X68='Listas suspensas'!$A$23,'Listas suspensas'!$B$22,IF(X68='Listas suspensas'!$A$26,'Listas suspensas'!$B$22,IF(X68='Listas suspensas'!$A$32,'Listas suspensas'!$B$22,IF(X68='Listas suspensas'!$A$33,'Listas suspensas'!$B$21,IF(X68='Listas suspensas'!$A$24,'Listas suspensas'!$B$22,IF(X68='Listas suspensas'!$A$30,'Listas suspensas'!$B$21,"")))))))) -> 6.5 | Z68: NBR 16143 | AA68: 2 | AB68: =IF(AA68='Listas suspensas'!$A$2,'Listas suspensas'!$B$2,IF(AA68='Listas suspensas'!$A$3,'Listas suspensas'!$B$3,IF(AA68='Listas suspensas'!$A$4,'Listas suspensas'!$B$4,IF(AA68='Listas suspensas'!$A$5,'Listas suspensas'!$B$5,IF(AA68='Listas suspensas'!$A$6,'Listas suspensas'!$B$6,""))))) -> Profunda e irregular | AC68: =IF(AA68='Listas suspensas'!$A$2,'Listas suspensas'!$C$2,IF(AA68='Listas suspensas'!$A$3,'Listas suspensas'!$C$3,IF(AA68='Listas suspensas'!$A$4,'Listas suspensas'!$C$4,IF(AA68='Listas suspensas'!$A$5,'Listas suspensas'!$C$5,IF(AA68='Listas suspensas'!$A$6,'Listas suspensas'!$C$6,""))))) -> Indica a penetração profunda, mas desuniforme em toda a extensão do alburno. | AK68: 10.94 | AL68: 11.09 | AM68: 11.01 | AN68: 10.92 | AO68: 11.06 | AP68: =AVERAGE(AK68:AO68)/10 -> 1.1004 | AQ68: 14.12 | AR68: 15.31 | AS68: 15.77 | AT68: 16.93 | AU68: 17.42 | AV68: =AVERAGE(AQ68:AU68)/10 -> 1.591 | AW68: 1.0773 | AX68: 1.1088 | AY68: 1.1731 | AZ68: 1.2608 | BA68: 1.2678 | BB68: =AVERAGE(AW68:BA68) -> 1.17756 | BC68: =PI()*(AP68/2)^2*AV68 -> 1.5130777 | BE68: =(BB68/BC68)*1000 -> 778.25482 | BF68: 0.359 | BG68: 0.202 | BH68: 0.413 | BI68: =SUM(BF68:BH68) -> 0.974 | BJ68: 36.8 | BK68: 20.7 | BL68: 42.5 | BM68: =ROUND(SUM(BJ68:BL68),2) -> 100 | BN68: =ROUND((BF68/100)*BE68,2) -> 2.79 | BO68: =ROUND((BG68/100)*BE68,2) -> 1.57 | BP68: =ROUND((BH68/100)*BE68,2) -> 3.21 | BQ68: =ROUND(SUM(BN68:BP68),2) -> 7.57 | BR68: =IF(OR(AND(X68="Mourões", BQ68>=6.5),AND(X68="Postes", BQ68>=9.6),AND(X68="Dormentes", BQ68>=9.6),AND(X68="Estacas", BQ68>=6.5),AND(X68="Cruzetas", BQ68>=6.5),AND(X68="Outros - Solo", BQ68>=6.5),AND(X68="Outros - Suspenso",BQ68>=4),AND(X68="Deck",BQ68>=4)),'Listas suspensas'!$C$21,'Listas suspensas'!$C$22) -> Os resultados da análise química apresentaram uma retenção do produto de acordo com o padrão mínimo exigido pela norma ABNT NBR 16143
B69: UFV-M-68 | C69: Finalizada | D69: 39.957.452/0001-00 | F69: 45607 | G69: 45608 | H69: 45614 | I69: Bital Agro | J69: Urbano Santos | K69: MA | L69: Madeira | N69: CCA - C | O69: Bagueta | P69: Eucalyptus | Q69: T36 - 21/10 | X69: Mourões | Y69: =IF(X69='Listas suspensas'!$A$21,'Listas suspensas'!$B$23,IF(X69='Listas suspensas'!$A$22,'Listas suspensas'!$B$23,IF(X69='Listas suspensas'!$A$23,'Listas suspensas'!$B$22,IF(X69='Listas suspensas'!$A$26,'Listas suspensas'!$B$22,IF(X69='Listas suspensas'!$A$32,'Listas suspensas'!$B$22,IF(X69='Listas suspensas'!$A$33,'Listas suspensas'!$B$21,IF(X69='Listas suspensas'!$A$24,'Listas suspensas'!$B$22,IF(X69='Listas suspensas'!$A$30,'Listas suspensas'!$B$21,"")))))))) -> 6.5 | Z69: NBR 16143 | AA69: 3 | AB69: =IF(AA69='Listas suspensas'!$A$2,'Listas suspensas'!$B$2,IF(AA69='Listas suspensas'!$A$3,'Listas suspensas'!$B$3,IF(AA69='Listas suspensas'!$A$4,'Listas suspensas'!$B$4,IF(AA69='Listas suspensas'!$A$5,'Listas suspensas'!$B$5,IF(AA69='Listas suspensas'!$A$6,'Listas suspensas'!$B$6,""))))) -> Parcial e regular | AC69: =IF(AA69='Listas suspensas'!$A$2,'Listas suspensas'!$C$2,IF(AA69='Listas suspensas'!$A$3,'Listas suspensas'!$C$3,IF(AA69='Listas suspensas'!$A$4,'Listas suspensas'!$C$4,IF(AA69='Listas suspensas'!$A$5,'Listas suspensas'!$C$5,IF(AA69='Listas suspensas'!$A$6,'Listas suspensas'!$C$6,""))))) -> Indica a penetração uniforme, mas não total pela extensão do alburno. | AK69: 11.28 | AL69: 11.42 | AM69: 11.35 | AN69: 11.39 | AO69: 11.24 | AP69: =AVERAGE(AK69:AO69)/10 -> 1.1336 | AQ69: 14.1 | AR69: 13.65 | AS69: 12.98 | AT69: 10.41 | AU69: 12.19 | AV69: =AVERAGE(AQ69:AU69)/10 -> 1.2666 | AW69: 1.0789 | AX69: 1.0557 | AY69: 1.0692 | AZ69: 0.8068 | BA69: 0.9955 | BB69: =AVERAGE(AW69:BA69) -> 1.00122 | BC69: =PI()*(AP69/2)^2*AV69 -> 1.2783478 | BE69: =(BB69/BC69)*1000 -> 783.21406 | BF69: 0.337 | BG69: 0.18 | BH69: 0.349 | BI69: =SUM(BF69:BH69) -> 0.866 | BJ69: 38.9 | BK69: 20.8 | BL69: 40.3 | BM69: =ROUND(SUM(BJ69:BL69),2) -> 100 | BN69: =ROUND((BF69/100)*BE69,2) -> 2.64 | BO69: =ROUND((BG69/100)*BE69,2) -> 1.41 | BP69: =ROUND((BH69/100)*BE69,2) -> 2.73 | BQ69: =ROUND(SUM(BN69:BP69),2) -> 6.78 | BR69: =IF(OR(AND(X69="Mourões", BQ69>=6.5),AND(X69="Postes", BQ69>=9.6),AND(X69="Dormentes", BQ69>=9.6),AND(X69="Estacas", BQ69>=6.5),AND(X69="Cruzetas", BQ69>=6.5),AND(X69="Outros - Solo", BQ69>=6.5),AND(X69="Outros - Suspenso",BQ69>=4),AND(X69="Deck",BQ69>=4)),'Listas suspensas'!$C$21,'Listas suspensas'!$C$22) -> Os resultados da análise química apresentaram uma retenção do produto de acordo com o padrão mínimo exigido pela norma ABNT NBR 16143
B70: UFV-M-69 | C70: Finalizada | D70: 12.596.339/0001-81 | F70: 45610 | G70: 45614 | H70: 45615 | I70: Madimune | J70: Coxim | K70: MS | L70: Madeira | M70: madimunecoxim@gmail.com | N70: CCA - C | O70: Bagueta | P70: Eucalyptus | Q70: 26/24 | X70: Mourões | Y70: =IF(X70='Listas suspensas'!$A$21,'Listas suspensas'!$B$23,IF(X70='Listas suspensas'!$A$22,'Listas suspensas'!$B$23,IF(X70='Listas suspensas'!$A$23,'Listas suspensas'!$B$22,IF(X70='Listas suspensas'!$A$26,'Listas suspensas'!$B$22,IF(X70='Listas suspensas'!$A$32,'Listas suspensas'!$B$22,IF(X70='Listas suspensas'!$A$33,'Listas suspensas'!$B$21,IF(X70='Listas suspensas'!$A$24,'Listas suspensas'!$B$22,IF(X70='Listas suspensas'!$A$30,'Listas suspensas'!$B$21,"")))))))) -> 6.5 | Z70: NBR 16143 | AA70: 2 | AB70: =IF(AA70='Listas suspensas'!$A$2,'Listas suspensas'!$B$2,IF(AA70='Listas suspensas'!$A$3,'Listas suspensas'!$B$3,IF(AA70='Listas suspensas'!$A$4,'Listas suspensas'!$B$4,IF(AA70='Listas suspensas'!$A$5,'Listas suspensas'!$B$5,IF(AA70='Listas suspensas'!$A$6,'Listas suspensas'!$B$6,""))))) -> Profunda e irregular | AC70: =IF(AA70='Listas suspensas'!$A$2,'Listas suspensas'!$C$2,IF(AA70='Listas suspensas'!$A$3,'Listas suspensas'!$C$3,IF(AA70='Listas suspensas'!$A$4,'Listas suspensas'!$C$4,IF(AA70='Listas suspensas'!$A$5,'Listas suspensas'!$C$5,IF(AA70='Listas suspensas'!$A$6,'Listas suspensas'!$C$6,""))))) -> Indica a penetração profunda, mas desuniforme em toda a extensão do alburno. | AK70: 11.9 | AL70: 11.9 | AM70: 11.79 | AN70: 11.74 | AO70: 11.95 | AP70: =AVERAGE(AK70:AO70)/10 -> 1.1856 | AQ70: 24.26 | AR70: 18.54 | AS70: 23.92 | AT70: 17.37 | AU70: 19.2 | AV70: =AVERAGE(AQ70:AU70)/10 -> 2.0658 | AW70: 2.1927 | AX70: 1.7426 | AY70: 2.1647 | AZ70: 1.403 | BA70: 1.7096 | BB70: =AVERAGE(AW70:BA70) -> 1.84252 | BC70: =PI()*(AP70/2)^2*AV70 -> 2.2806284 | BE70: =(BB70/BC70)*1000 -> 807.90012 | BF70: 0.263 | BG70: 0.161 | BH70: 0.328 | BI70: =SUM(BF70:BH70) -> 0.752 | BJ70: 35 | BK70: 21.4 | BL70: 43.6 | BM70: =ROUND(SUM(BJ70:BL70),2) -> 100 | BN70: =ROUND((BF70/100)*BE70,2) -> 2.12 | BO70: =ROUND((BG70/100)*BE70,2) -> 1.3 | BP70: =ROUND((BH70/100)*BE70,2) -> 2.65 | BQ70: =ROUND(SUM(BN70:BP70),2) -> 6.07 | BR70: =IF(OR(AND(X70="Mourões", BQ70>=6.5),AND(X70="Postes", BQ70>=9.6),AND(X70="Dormentes", BQ70>=9.6),AND(X70="Estacas", BQ70>=6.5),AND(X70="Cruzetas", BQ70>=6.5),AND(X70="Outros - Solo", BQ70>=6.5),AND(X70="Outros - Suspenso",BQ70>=4),AND(X70="Deck",BQ70>=4)),'Listas suspensas'!$C$21,'Listas suspensas'!$C$22) -> Os resultados da análise química apresentaram uma retenção do produto inferior ao padrão mínimo exigido pela norma ABNT NBR 16143
B71: UFV-M-70 | C71: Finalizada | D71: 12.596.339/0001-81 | F71: 45610 | G71: 45614 | H71: 45615 | I71: Madimune | J71: Coxim | K71: MS | L71: Madeira | M71: madimunecoxim@gmail.com | N71: CCA - C | O71: Bagueta | P71: Eucalyptus | Q71: 27/24 | X71: Mourões | Y71: =IF(X71='Listas suspensas'!$A$21,'Listas suspensas'!$B$23,IF(X71='Listas suspensas'!$A$22,'Listas suspensas'!$B$23,IF(X71='Listas suspensas'!$A$23,'Listas suspensas'!$B$22,IF(X71='Listas suspensas'!$A$26,'Listas suspensas'!$B$22,IF(X71='Listas suspensas'!$A$32,'Listas suspensas'!$B$22,IF(X71='Listas suspensas'!$A$33,'Listas suspensas'!$B$21,IF(X71='Listas suspensas'!$A$24,'Listas suspensas'!$B$22,IF(X71='Listas suspensas'!$A$30,'Listas suspensas'!$B$21,"")))))))) -> 6.5 | Z71: NBR 16143 | AA71: 2 | AB71: =IF(AA71='Listas suspensas'!$A$2,'Listas suspensas'!$B$2,IF(AA71='Listas suspensas'!$A$3,'Listas suspensas'!$B$3,IF(AA71='Listas suspensas'!$A$4,'Listas suspensas'!$B$4,IF(AA71='Listas suspensas'!$A$5,'Listas suspensas'!$B$5,IF(AA71='Listas suspensas'!$A$6,'Listas suspensas'!$B$6,""))))) -> Profunda e irregular | AC71: =IF(AA71='Listas suspensas'!$A$2,'Listas suspensas'!$C$2,IF(AA71='Listas suspensas'!$A$3,'Listas suspensas'!$C$3,IF(AA71='Listas suspensas'!$A$4,'Listas suspensas'!$C$4,IF(AA71='Listas suspensas'!$A$5,'Listas suspensas'!$C$5,IF(AA71='Listas suspensas'!$A$6,'Listas suspensas'!$C$6,""))))) -> Indica a penetração profunda, mas desuniforme em toda a extensão do alburno. | AK71: 11.85 | AL71: 11.75 | AM71: 11.75 | AN71: 11.76 | AO71: 11.68 | AP71: =AVERAGE(AK71:AO71)/10 -> 1.1758 | AQ71: 21.3 | AR71: 15.82 | AS71: 14.43 | AT71: 12.53 | AU71: 9.42 | AV71: =AVERAGE(AQ71:AU71)/10 -> 1.47 | AW71: 1.1824 | AX71: 0.8902 | AY71: 0.7435 | AZ71: 0.6732 | BA71: 0.4938 | BB71: =AVERAGE(AW71:BA71) -> 0.79662 | BC71: =PI()*(AP71/2)^2*AV71 -> 1.5961516 | BE71: =(BB71/BC71)*1000 -> 499.08794 | BF71: 0.528 | BG71: 0.249 | BH71: 0.359 | BI71: =SUM(BF71:BH71) -> 1.136 | BJ71: 46.5 | BK71: 21.9 | BL71: 31.6 | BM71: =ROUND(SUM(BJ71:BL71),2) -> 100 | BN71: =ROUND((BF71/100)*BE71,2) -> 2.64 | BO71: =ROUND((BG71/100)*BE71,2) -> 1.24 | BP71: =ROUND((BH71/100)*BE71,2) -> 1.79 | BQ71: =ROUND(SUM(BN71:BP71),2) -> 5.67 | BR71: =IF(OR(AND(X71="Mourões", BQ71>=6.5),AND(X71="Postes", BQ71>=9.6),AND(X71="Dormentes", BQ71>=9.6),AND(X71="Estacas", BQ71>=6.5),AND(X71="Cruzetas", BQ71>=6.5),AND(X71="Outros - Solo", BQ71>=6.5),AND(X71="Outros - Suspenso",BQ71>=4),AND(X71="Deck",BQ71>=4)),'Listas suspensas'!$C$21,'Listas suspensas'!$C$22) -> Os resultados da análise química apresentaram uma retenção do produto inferior ao padrão mínimo exigido pela norma ABNT NBR 16143
B72: UFV-M-71 | C72: Finalizada | D72: 12.596.339/0001-81 | F72: 45610 | G72: 45614 | H72: 45615 | I72: Madimune | J72: Coxim | K72: MS | L72: Madeira | M72: madimunecoxim@gmail.com | N72: CCA - C | O72: Bagueta | P72: Eucalyptus | Q72: 28/24 | X72: Mourões | Y72: =IF(X72='Listas suspensas'!$A$21,'Listas suspensas'!$B$23,IF(X72='Listas suspensas'!$A$22,'Listas suspensas'!$B$23,IF(X72='Listas suspensas'!$A$23,'Listas suspensas'!$B$22,IF(X72='Listas suspensas'!$A$26,'Listas suspensas'!$B$22,IF(X72='Listas suspensas'!$A$32,'Listas suspensas'!$B$22,IF(X72='Listas suspensas'!$A$33,'Listas suspensas'!$B$21,IF(X72='Listas suspensas'!$A$24,'Listas suspensas'!$B$22,IF(X72='Listas suspensas'!$A$30,'Listas suspensas'!$B$21,"")))))))) -> 6.5 | Z72: NBR 16143 | AA72: 4 | AB72: =IF(AA72='Listas suspensas'!$A$2,'Listas suspensas'!$B$2,IF(AA72='Listas suspensas'!$A$3,'Listas suspensas'!$B$3,IF(AA72='Listas suspensas'!$A$4,'Listas suspensas'!$B$4,IF(AA72='Listas suspensas'!$A$5,'Listas suspensas'!$B$5,IF(AA72='Listas suspensas'!$A$6,'Listas suspensas'!$B$6,""))))) -> Parcial e irregular | AC72: =IF(AA72='Listas suspensas'!$A$2,'Listas suspensas'!$C$2,IF(AA72='Listas suspensas'!$A$3,'Listas suspensas'!$C$3,IF(AA72='Listas suspensas'!$A$4,'Listas suspensas'!$C$4,IF(AA72='Listas suspensas'!$A$5,'Listas suspensas'!$C$5,IF(AA72='Listas suspensas'!$A$6,'Listas suspensas'!$C$6,""))))) -> Indica a penetração desuniforme e não total pela extensão do alburno. | AK72: 11.77 | AL72: 11.96 | AM72: 11.74 | AN72: 11.87 | AO72: 11.95 | AP72: =AVERAGE(AK72:AO72)/10 -> 1.1858 | AQ72: 21.17 | AR72: 23.74 | AS72: 23.52 | AT72: 21.4 | AU72: 23.05 | AV72: =AVERAGE(AQ72:AU72)/10 -> 2.2576 | AW72: 1.9038 | AX72: 2.2028 | AY72: 2.1603 | AZ72: 1.9632 | BA72: 2.1729 | BB72: =AVERAGE(AW72:BA72) -> 2.0806 | BC72: =PI()*(AP72/2)^2*AV72 -> 2.4932152 | BE72: =(BB72/BC72)*1000 -> 834.50477 | BF72: 0.218 | BG72: 0.129 | BH72: 0.246 | BI72: =SUM(BF72:BH72) -> 0.593 | BJ72: 36.8 | BK72: 21.7 | BL72: 41.5 | BM72: =ROUND(SUM(BJ72:BL72),2) -> 100 | BN72: =ROUND((BF72/100)*BE72,2) -> 1.82 | BO72: =ROUND((BG72/100)*BE72,2) -> 1.08 | BP72: =ROUND((BH72/100)*BE72,2) -> 2.05 | BQ72: =ROUND(SUM(BN72:BP72),2) -> 4.95 | BR72: =IF(OR(AND(X72="Mourões", BQ72>=6.5),AND(X72="Postes", BQ72>=9.6),AND(X72="Dormentes", BQ72>=9.6),AND(X72="Estacas", BQ72>=6.5),AND(X72="Cruzetas", BQ72>=6.5),AND(X72="Outros - Solo", BQ72>=6.5),AND(X72="Outros - Suspenso",BQ72>=4),AND(X72="Deck",BQ72>=4)),'Listas suspensas'!$C$21,'Listas suspensas'!$C$22) -> Os resultados da análise química apresentaram uma retenção do produto inferior ao padrão mínimo exigido pela norma ABNT NBR 16143
B73: UFV-M-72 | C73: Finalizada | D73: 39.957.452/0001-00 | F73: 45623 | G73: 45623 | H73: 45628 | I73: Bital Agro | J73: Urbano Santos | K73: MA | L73: Madeira | N73: CCA - C | O73: Bagueta | P73: Eucalyptus | Q73: T46 - 29/10 | X73: Mourões | Y73: =IF(X73='Listas suspensas'!$A$21,'Listas suspensas'!$B$23,IF(X73='Listas suspensas'!$A$22,'Listas suspensas'!$B$23,IF(X73='Listas suspensas'!$A$23,'Listas suspensas'!$B$22,IF(X73='Listas suspensas'!$A$26,'Listas suspensas'!$B$22,IF(X73='Listas suspensas'!$A$32,'Listas suspensas'!$B$22,IF(X73='Listas suspensas'!$A$33,'Listas suspensas'!$B$21,IF(X73='Listas suspensas'!$A$24,'Listas suspensas'!$B$22,IF(X73='Listas suspensas'!$A$30,'Listas suspensas'!$B$21,"")))))))) -> 6.5 | Z73: NBR 16143 | AA73: 2 | AB73: =IF(AA73='Listas suspensas'!$A$2,'Listas suspensas'!$B$2,IF(AA73='Listas suspensas'!$A$3,'Listas suspensas'!$B$3,IF(AA73='Listas suspensas'!$A$4,'Listas suspensas'!$B$4,IF(AA73='Listas suspensas'!$A$5,'Listas suspensas'!$B$5,IF(AA73='Listas suspensas'!$A$6,'Listas suspensas'!$B$6,""))))) -> Profunda e irregular | AC73: =IF(AA73='Listas suspensas'!$A$2,'Listas suspensas'!$C$2,IF(AA73='Listas suspensas'!$A$3,'Listas suspensas'!$C$3,IF(AA73='Listas suspensas'!$A$4,'Listas suspensas'!$C$4,IF(AA73='Listas suspensas'!$A$5,'Listas suspensas'!$C$5,IF(AA73='Listas suspensas'!$A$6,'Listas suspensas'!$C$6,""))))) -> Indica a penetração profunda, mas desuniforme em toda a extensão do alburno. | AK73: 11.08 | AL73: 10.94 | AM73: 10.94 | AN73: 10.96 | AO73: 11.06 | AP73: =AVERAGE(AK73:AO73)/10 -> 1.0996 | AQ73: 12.06 | AR73: 10.02 | AS73: 10.42 | AT73: 12.7 | AU73: 12.42 | AV73: =AVERAGE(AQ73:AU73)/10 -> 1.1524 | AW73: 0.8471 | AX73: 0.708 | AY73: 0.7267 | AZ73: 0.8925 | BA73: 0.9327 | BB73: =AVERAGE(AW73:BA73) -> 0.8214 | BC73: =PI()*(AP73/2)^2*AV73 -> 1.094366 | BE73: =(BB73/BC73)*1000 -> 750.57156 | BF73: 0.356 | BG73: 0.186 | BH73: 0.311 | BI73: =SUM(BF73:BH73) -> 0.853 | BJ73: 41.7 | BK73: 21.8 | BL73: 36.5 | BM73: =ROUND(SUM(BJ73:BL73),2) -> 100 | BN73: =ROUND((BF73/100)*BE73,2) -> 2.67 | BO73: =ROUND((BG73/100)*BE73,2) -> 1.4 | BP73: =ROUND((BH73/100)*BE73,2) -> 2.33 | BQ73: =ROUND(SUM(BN73:BP73),2) -> 6.4 | BR73: =IF(OR(AND(X73="Mourões", BQ73>=6.5),AND(X73="Postes", BQ73>=9.6),AND(X73="Dormentes", BQ73>=9.6),AND(X73="Estacas", BQ73>=6.5),AND(X73="Cruzetas", BQ73>=6.5),AND(X73="Outros - Solo", BQ73>=6.5),AND(X73="Outros - Suspenso",BQ73>=4),AND(X73="Deck",BQ73>=4)),'Listas suspensas'!$C$21,'Listas suspensas'!$C$22) -> Os resultados da análise química apresentaram uma retenção do produto inferior ao padrão mínimo exigido pela norma ABNT NBR 16143
B74: UFV-M-73 | C74: Finalizada | D74: 39.957.452/0001-00 | F74: 45623 | G74: 45623 | H74: 45628 | I74: Bital Agro | J74: Urbano Santos | K74: MA | L74: Madeira | N74: CCA - C | O74: Bagueta | P74: Eucalyptus | Q74: T43 - 28/10 | X74: Mourões | Y74: =IF(X74='Listas suspensas'!$A$21,'Listas suspensas'!$B$23,IF(X74='Listas suspensas'!$A$22,'Listas suspensas'!$B$23,IF(X74='Listas suspensas'!$A$23,'Listas suspensas'!$B$22,IF(X74='Listas suspensas'!$A$26,'Listas suspensas'!$B$22,IF(X74='Listas suspensas'!$A$32,'Listas suspensas'!$B$22,IF(X74='Listas suspensas'!$A$33,'Listas suspensas'!$B$21,IF(X74='Listas suspensas'!$A$24,'Listas suspensas'!$B$22,IF(X74='Listas suspensas'!$A$30,'Listas suspensas'!$B$21,"")))))))) -> 6.5 | Z74: NBR 16143 | AA74: 3 | AB74: =IF(AA74='Listas suspensas'!$A$2,'Listas suspensas'!$B$2,IF(AA74='Listas suspensas'!$A$3,'Listas suspensas'!$B$3,IF(AA74='Listas suspensas'!$A$4,'Listas suspensas'!$B$4,IF(AA74='Listas suspensas'!$A$5,'Listas suspensas'!$B$5,IF(AA74='Listas suspensas'!$A$6,'Listas suspensas'!$B$6,""))))) -> Parcial e regular | AC74: =IF(AA74='Listas suspensas'!$A$2,'Listas suspensas'!$C$2,IF(AA74='Listas suspensas'!$A$3,'Listas suspensas'!$C$3,IF(AA74='Listas suspensas'!$A$4,'Listas suspensas'!$C$4,IF(AA74='Listas suspensas'!$A$5,'Listas suspensas'!$C$5,IF(AA74='Listas suspensas'!$A$6,'Listas suspensas'!$C$6,""))))) -> Indica a penetração uniforme, mas não total pela extensão do alburno. | AK74: 10.94 | AL74: 10.91 | AM74: 11.01 | AN74: 11.06 | AO74: 10.93 | AP74: =AVERAGE(AK74:AO74)/10 -> 1.097 | AQ74: 10.2 | AR74: 12.59 | AS74: 10.89 | AT74: 11.96 | AU74: 10.76 | AV74: =AVERAGE(AQ74:AU74)/10 -> 1.128 | AW74: 0.7273 | AX74: 0.8724 | AY74: 0.7925 | AZ74: 0.8702 | BA74: 0.8103 | BB74: =AVERAGE(AW74:BA74) -> 0.81454 | BC74: =PI()*(AP74/2)^2*AV74 -> 1.0661351 | BE74: =(BB74/BC74)*1000 -> 764.012 | BF74: 0.278 | BG74: 0.143 | BH74: 0.275 | BI74: =SUM(BF74:BH74) -> 0.696 | BJ74: 39.9 | BK74: 20.6 | BL74: 39.5 | BM74: =ROUND(SUM(BJ74:BL74),2) -> 100 | BN74: =ROUND((BF74/100)*BE74,2) -> 2.12 | BO74: =ROUND((BG74/100)*BE74,2) -> 1.09 | BP74: =ROUND((BH74/100)*BE74,2) -> 2.1 | BQ74: =ROUND(SUM(BN74:BP74),2) -> 5.31 | BR74: =IF(OR(AND(X74="Mourões", BQ74>=6.5),AND(X74="Postes", BQ74>=9.6),AND(X74="Dormentes", BQ74>=9.6),AND(X74="Estacas", BQ74>=6.5),AND(X74="Cruzetas", BQ74>=6.5),AND(X74="Outros - Solo", BQ74>=6.5),AND(X74="Outros - Suspenso",BQ74>=4),AND(X74="Deck",BQ74>=4)),'Listas suspensas'!$C$21,'Listas suspensas'!$C$22) -> Os resultados da análise química apresentaram uma retenção do produto inferior ao padrão mínimo exigido pela norma ABNT NBR 16143
B75: UFV-M-74 | C75: Finalizada | D75: 39.957.452/0001-00 | F75: 45623 | G75: 45623 | H75: 45628 | I75: Bital Agro | J75: Urbano Santos | K75: MA | L75: Madeira | N75: CCA - C | O75: Bagueta | P75: Eucalyptus | Q75: T52 - 02/11 | X75: Mourões | Y75: =IF(X75='Listas suspensas'!$A$21,'Listas suspensas'!$B$23,IF(X75='Listas suspensas'!$A$22,'Listas suspensas'!$B$23,IF(X75='Listas suspensas'!$A$23,'Listas suspensas'!$B$22,IF(X75='Listas suspensas'!$A$26,'Listas suspensas'!$B$22,IF(X75='Listas suspensas'!$A$32,'Listas suspensas'!$B$22,IF(X75='Listas suspensas'!$A$33,'Listas suspensas'!$B$21,IF(X75='Listas suspensas'!$A$24,'Listas suspensas'!$B$22,IF(X75='Listas suspensas'!$A$30,'Listas suspensas'!$B$21,"")))))))) -> 6.5 | Z75: NBR 16143 | AA75: 3 | AB75: =IF(AA75='Listas suspensas'!$A$2,'Listas suspensas'!$B$2,IF(AA75='Listas suspensas'!$A$3,'Listas suspensas'!$B$3,IF(AA75='Listas suspensas'!$A$4,'Listas suspensas'!$B$4,IF(AA75='Listas suspensas'!$A$5,'Listas suspensas'!$B$5,IF(AA75='Listas suspensas'!$A$6,'Listas suspensas'!$B$6,""))))) -> Parcial e regular | AC75: =IF(AA75='Listas suspensas'!$A$2,'Listas suspensas'!$C$2,IF(AA75='Listas suspensas'!$A$3,'Listas suspensas'!$C$3,IF(AA75='Listas suspensas'!$A$4,'Listas suspensas'!$C$4,IF(AA75='Listas suspensas'!$A$5,'Listas suspensas'!$C$5,IF(AA75='Listas suspensas'!$A$6,'Listas suspensas'!$C$6,""))))) -> Indica a penetração uniforme, mas não total pela extensão do alburno. | AK75: 10.99 | AL75: 11.07 | AM75: 10.96 | AN75: 10.86 | AO75: 10.81 | AP75: =AVERAGE(AK75:AO75)/10 -> 1.0938 | AQ75: 4.32 | AR75: 4.74 | AS75: 5.05 | AT75: 5.01 | AU75: 4.84 | AV75: =AVERAGE(AQ75:AU75)/10 -> 0.4792 | AW75: 0.2683 | AX75: 0.2985 | AY75: 0.3167 | AZ75: 0.2723 | BA75: 0.3174 | BB75: =AVERAGE(AW75:BA75) -> 0.29464 | BC75: =PI()*(AP75/2)^2*AV75 -> 0.45027987 | BE75: =(BB75/BC75)*1000 -> 654.3486 | BF75: 0.46 | BG75: 0.179 | BH75: 0.276 | BI75: =SUM(BF75:BH75) -> 0.915 | BJ75: 50.3 | BK75: 19.5 | BL75: 30.2 | BM75: =ROUND(SUM(BJ75:BL75),2) -> 100 | BN75: =ROUND((BF75/100)*BE75,2) -> 3.01 | BO75: =ROUND((BG75/100)*BE75,2) -> 1.17 | BP75: =ROUND((BH75/100)*BE75,2) -> 1.81 | BQ75: =ROUND(SUM(BN75:BP75),2) -> 5.99 | BR75: =IF(OR(AND(X75="Mourões", BQ75>=6.5),AND(X75="Postes", BQ75>=9.6),AND(X75="Dormentes", BQ75>=9.6),AND(X75="Estacas", BQ75>=6.5),AND(X75="Cruzetas", BQ75>=6.5),AND(X75="Outros - Solo", BQ75>=6.5),AND(X75="Outros - Suspenso",BQ75>=4),AND(X75="Deck",BQ75>=4)),'Listas suspensas'!$C$21,'Listas suspensas'!$C$22) -> Os resultados da análise química apresentaram uma retenção do produto inferior ao padrão mínimo exigido pela norma ABNT NBR 16143
B76: UFV-M-75 | C76: Finalizada | D76: 39.957.452/0001-00 | F76: 45623 | G76: 45623 | H76: 45628 | I76: Bital Agro | J76: Urbano Santos | K76: MA | L76: Madeira | N76: CCA - C | O76: Bagueta | P76: Eucalyptus | Q76: T48 - 30/10 | X76: Mourões | Y76: =IF(X76='Listas suspensas'!$A$21,'Listas suspensas'!$B$23,IF(X76='Listas suspensas'!$A$22,'Listas suspensas'!$B$23,IF(X76='Listas suspensas'!$A$23,'Listas suspensas'!$B$22,IF(X76='Listas suspensas'!$A$26,'Listas suspensas'!$B$22,IF(X76='Listas suspensas'!$A$32,'Listas suspensas'!$B$22,IF(X76='Listas suspensas'!$A$33,'Listas suspensas'!$B$21,IF(X76='Listas suspensas'!$A$24,'Listas suspensas'!$B$22,IF(X76='Listas suspensas'!$A$30,'Listas suspensas'!$B$21,"")))))))) -> 6.5 | Z76: NBR 16143 | AA76: 2 | AB76: =IF(AA76='Listas suspensas'!$A$2,'Listas suspensas'!$B$2,IF(AA76='Listas suspensas'!$A$3,'Listas suspensas'!$B$3,IF(AA76='Listas suspensas'!$A$4,'Listas suspensas'!$B$4,IF(AA76='Listas suspensas'!$A$5,'Listas suspensas'!$B$5,IF(AA76='Listas suspensas'!$A$6,'Listas suspensas'!$B$6,""))))) -> Profunda e irregular | AC76: =IF(AA76='Listas suspensas'!$A$2,'Listas suspensas'!$C$2,IF(AA76='Listas suspensas'!$A$3,'Listas suspensas'!$C$3,IF(AA76='Listas suspensas'!$A$4,'Listas suspensas'!$C$4,IF(AA76='Listas suspensas'!$A$5,'Listas suspensas'!$C$5,IF(AA76='Listas suspensas'!$A$6,'Listas suspensas'!$C$6,""))))) -> Indica a penetração profunda, mas desuniforme em toda a extensão do alburno. | AK76: 11.02 | AL76: 10.94 | AM76: 11.08 | AN76: 10.98 | AO76: 11.02 | AP76: =AVERAGE(AK76:AO76)/10 -> 1.1008 | AQ76: 13.01 | AR76: 12.15 | AS76: 11.99 | AT76: 12 | AU76: 12.88 | AV76: =AVERAGE(AQ76:AU76)/10 -> 1.2406 | AW76: 1.0722 | AX76: 0.9122 | AY76: 0.9503 | AZ76: 0.9533 | BA76: 1.0431 | BB76: =AVERAGE(AW76:BA76) -> 0.98622 | BC76: =PI()*(AP76/2)^2*AV76 -> 1.1806971 | BE76: =(BB76/BC76)*1000 -> 835.2862 | BF76: 0.308 | BG76: 0.162 | BH76: 0.293 | BI76: =SUM(BF76:BH76) -> 0.763 | BJ76: 40.3 | BK76: 21.3 | BL76: 38.4 | BM76: =ROUND(SUM(BJ76:BL76),2) -> 100 | BN76: =ROUND((BF76/100)*BE76,2) -> 2.57 | BO76: =ROUND((BG76/100)*BE76,2) -> 1.35 | BP76: =ROUND((BH76/100)*BE76,2) -> 2.45 | BQ76: =ROUND(SUM(BN76:BP76),2) -> 6.37 | BR76: =IF(OR(AND(X76="Mourões", BQ76>=6.5),AND(X76="Postes", BQ76>=9.6),AND(X76="Dormentes", BQ76>=9.6),AND(X76="Estacas", BQ76>=6.5),AND(X76="Cruzetas", BQ76>=6.5),AND(X76="Outros - Solo", BQ76>=6.5),AND(X76="Outros - Suspenso",BQ76>=4),AND(X76="Deck",BQ76>=4)),'Listas suspensas'!$C$21,'Listas suspensas'!$C$22) -> Os resultados da análise química apresentaram uma retenção do produto inferior ao padrão mínimo exigido pela norma ABNT NBR 16143
